"Density","Energy","Mach","Momentum:0","Momentum:1","Momentum:2","Pressure","Pressure_Coefficient","Temperature","vtkValidPointMask","arc_length","Points:0","Points:1","Points:2"
1,3.7857,2,2,6.287e-13,0,0.71429,3.034e-13,1,1,0,0,0.2,0
1,3.7857,2,2,6.4505e-13,0,0.71429,3.1316e-13,1,1,0.002,0.002,0.2,0
1,3.7857,2,2,6.6141e-13,0,0.71429,3.2291e-13,1,1,0.004,0.004,0.2,0
1,3.7857,2,2,6.7776e-13,0,0.71429,3.3267e-13,1,1,0.006,0.006,0.2,0
1,3.7857,2,2,6.9411e-13,0,0.71429,3.4243e-13,1,1,0.008,0.008,0.2,0
1,3.7857,2,2,5.4404e-13,0,0.71429,2.5825e-13,1,1,0.01,0.01,0.2,0
1,3.7857,2,2,3.7503e-13,0,0.71429,1.6337e-13,1,1,0.012,0.012,0.2,0
1,3.7857,2,2,2.0602e-13,0,0.71429,6.8499e-14,1,1,0.014,0.014,0.2,0
1,3.7857,2,2,3.7007e-14,0,0.71429,-2.6375e-14,1,1,0.016,0.016,0.2,0
1,3.7857,2,2,-1.3201e-13,0,0.71429,-1.2125e-13,1,1,0.018,0.018,0.2,0
1,3.7857,2,2,-3.0102e-13,0,0.71429,-2.1612e-13,1,1,0.02,0.02,0.2,0
1,3.7857,2,2,-4.7003e-13,0,0.71429,-3.11e-13,1,1,0.022,0.022,0.2,0
1,3.7857,2,2,-6.3904e-13,0,0.71429,-4.0587e-13,1,1,0.024,0.024,0.2,0
1,3.7857,2,2,-8.0805e-13,0,0.71429,-5.0074e-13,1,1,0.026,0.026,0.2,0
1,3.7857,2,2,-9.7707e-13,0,0.71429,-5.9562e-13,1,1,0.028,0.028,0.2,0
1,3.7857,2,2,-1.1461e-12,0,0.71429,-6.9049e-13,1,1,0.03,0.03,0.2,0
1,3.7857,2,2,-1.3151e-12,0,0.71429,-7.8537e-13,1,1,0.032,0.032,0.2,0
1,3.7857,2,2,-1.4841e-12,0,0.71429,-8.8024e-13,1,1,0.034,0.034,0.2,0
1,3.7857,2,2,-1.6531e-12,0,0.71429,-9.7511e-13,1,1,0.036,0.036,0.2,0
1,3.7857,2,2,-1.7446e-12,0,0.71429,-1.0157e-12,1,1,0.038,0.038,0.2,0
1,3.7857,2,2,-1.8306e-12,0,0.71429,-1.0525e-12,1,1,0.04,0.04,0.2,0
1,3.7857,2,2,-1.9167e-12,0,0.71429,-1.0893e-12,1,1,0.042,0.042,0.2,0
1,3.7857,2,2,-2.0027e-12,0,0.71429,-1.1261e-12,1,1,0.044,0.044,0.2,0
1,3.7857,2,2,-2.0888e-12,0,0.71429,-1.1629e-12,1,1,0.046,0.046,0.2,0
1,3.7857,2,2,-2.1748e-12,0,0.71429,-1.1997e-12,1,1,0.048,0.048,0.2,0
1,3.7857,2,2,-2.2609e-12,0,0.71429,-1.2365e-12,1,1,0.05,0.05,0.2,0
1,3.7857,2,2,-2.347e-12,0,0.71429,-1.2734e-12,1,1,0.052,0.052,0.2,0
1,3.7857,2,2,-2.433e-12,0,0.71429,-1.3102e-12,1,1,0.054,0.054,0.2,0
1,3.7857,2,2,-2.5191e-12,0,0.71429,-1.347e-12,1,1,0.056,0.056,0.2,0
1,3.7857,2,2,-2.288e-12,0,0.71429,-1.2051e-12,1,1,0.058,0.058,0.2,0
1,3.7857,2,2,-1.7537e-12,0,0.71429,-8.9249e-13,1,1,0.06,0.06,0.2,0
1,3.7857,2,2,-1.2194e-12,0,0.71429,-5.7986e-13,1,1,0.062,0.062,0.2,0
1,3.7857,2,2,-6.8506e-13,0,0.71429,-2.6722e-13,1,1,0.064,0.064,0.2,0
1,3.7857,2,2,-1.5075e-13,0,0.71429,4.5418e-14,1,1,0.066,0.066,0.2,0
1,3.7857,2,2,3.8356e-13,0,0.71429,3.5805e-13,1,1,0.068,0.068,0.2,0
1,3.7857,2,2,9.1786e-13,0,0.71429,6.7069e-13,1,1,0.07,0.07,0.2,0
1,3.7857,2,2,1.4522e-12,0,0.71429,9.8333e-13,1,1,0.072,0.072,0.2,0
1,3.7857,2,2,1.9865e-12,0,0.71429,1.296e-12,1,1,0.074,0.074,0.2,0
1,3.7857,2,2,2.4288e-12,0,0.71429,1.5744e-12,1,1,0.076,0.076,0.2,0
1,3.7857,2,2,2.8522e-12,0,0.71429,1.8457e-12,1,1,0.078,0.078,0.2,0
1,3.7857,2,2,3.2756e-12,0,0.71429,2.1171e-12,1,1,0.08,0.08,0.2,0
1,3.7857,2,2,3.699e-12,0,0.71429,2.3884e-12,1,1,0.082,0.082,0.2,0
1,3.7857,2,2,4.1224e-12,0,0.71429,2.6598e-12,1,1,0.084,0.084,0.2,0
1,3.7857,2,2,4.5458e-12,0,0.71429,2.9311e-12,1,1,0.086,0.086,0.2,0
1,3.7857,2,2,4.9692e-12,0,0.71429,3.2025e-12,1,1,0.088,0.088,0.2,0
1,3.7857,2,2,6.0051e-12,0,0.71429,3.8564e-12,1,1,0.09,0.09,0.2,0
1,3.7857,2,2,7.1508e-12,0,0.71429,4.5789e-12,1,1,0.092,0.092,0.2,0
1,3.7857,2,2,8.2965e-12,0,0.71429,5.3015e-12,1,1,0.094,0.094,0.2,0
1,3.7857,2,2,9.4422e-12,0,0.71429,6.024e-12,1,1,0.096,0.096,0.2,0
1,3.7857,2,2,1.0588e-11,0,0.71429,6.7466e-12,1,1,0.098,0.098,0.2,0
1,3.7857,2,2,1.1734e-11,0,0.71429,7.4691e-12,1,1,0.1,0.1,0.2,0
1,3.7857,2,2,1.2879e-11,0,0.71429,8.1917e-12,1,1,0.102,0.102,0.2,0
1,3.7857,2,2,1.4025e-11,0,0.71429,8.9142e-12,1,1,0.104,0.104,0.2,0
1,3.7857,2,2,1.4964e-11,0,0.71429,9.2401e-12,1,1,0.106,0.106,0.2,0
1,3.7857,2,2,1.583e-11,0,0.71429,9.4269e-12,1,1,0.108,0.108,0.2,0
1,3.7857,2,2,1.6696e-11,0,0.71429,9.6136e-12,1,1,0.11,0.11,0.2,0
1,3.7857,2,2,1.7552e-11,0,0.71429,9.7948e-12,1,1,0.112,0.112,0.2,0
1,3.7857,2,2,1.4545e-11,0,0.71429,7.8279e-12,1,1,0.114,0.114,0.2,0
1,3.7857,2,2,1.1538e-11,0,0.71429,5.8609e-12,1,1,0.116,0.116,0.2,0
1,3.7857,2,2,8.5314e-12,0,0.71429,3.8939e-12,1,1,0.118,0.118,0.2,0
1,3.7857,2,2,5.5244e-12,0,0.71429,1.927e-12,1,1,0.12,0.12,0.2,0
1,3.7857,2,2,2.575e-12,0,0.71429,-7.2118e-15,1,1,0.122,0.122,0.2,0
1,3.7857,2,2,4.5338e-12,0,0.71429,8.5188e-13,1,1,0.124,0.124,0.2,0
1,3.7857,2,2,6.4925e-12,0,0.71429,1.711e-12,1,1,0.126,0.126,0.2,0
1,3.7857,2,2,8.4513e-12,0,0.71429,2.5701e-12,1,1,0.128,0.128,0.2,0
1,3.7857,2,2,1.041e-11,0,0.71429,3.4292e-12,1,1,0.13,0.13,0.2,0
1,3.7857,2,2,1.2369e-11,0,0.71429,4.2883e-12,1,1,0.132,0.132,0.2,0
1,3.7857,2,2,1.2328e-11,0,0.71429,4.0403e-12,1,1,0.134,0.134,0.2,0
1,3.7857,2,2,8.4019e-12,0,0.71429,2.5099e-12,1,1,0.136,0.136,0.2,0
1,3.7857,2,2,-8.3267e-14,0,0.71429,-2.0403e-12,1,1,0.138,0.138,0.2,0
1,3.7857,2,2,-1.3165e-11,0,0.71429,-1.0214e-11,1,1,0.14,0.14,0.2,0
1,3.7857,2,2,-2.6246e-11,0,0.71429,-1.8387e-11,1,1,0.142,0.142,0.2,0
1,3.7857,2,2,-4.0149e-11,0,0.71429,-2.7219e-11,1,1,0.144,0.144,0.2,0
1,3.7857,2,2,-6.3861e-11,0,0.71429,-4.3914e-11,1,1,0.146,0.146,0.2,0
1,3.7857,2,2,-8.7574e-11,0,0.71429,-6.0608e-11,1,1,0.148,0.148,0.2,0
1,3.7857,2,2,-1.1129e-10,0,0.71429,-7.7303e-11,1,1,0.15,0.15,0.2,0
1,3.7857,2,2,-1.2526e-10,0,0.71429,-8.9208e-11,1,1,0.152,0.152,0.2,0
1,3.7857,2,2,-5.8556e-11,0,0.71429,6.8386e-11,1,1,0.154,0.154,0.2,0
1,3.7857,2,2,1.282e-11,0,0.71429,2.4651e-10,1,1,0.156,0.156,0.2,0
1,3.7857,2,2,8.3901e-11,0,0.71429,4.2142e-10,1,1,0.158,0.158,0.2,0
1,3.7857,2,2,1.545e-10,0,0.71429,5.911e-10,1,1,0.16,0.16,0.2,0
1,3.7857,2,2,-2.0933e-09,0,0.71429,-6.1802e-10,1,1,0.162,0.162,0.2,0
1,3.7857,2,2,-4.4237e-09,0,0.71429,-1.9487e-09,1,1,0.164,0.164,0.2,0
1,3.7857,2,2,-8.4799e-10,0,0.71429,-5.4503e-10,1,1,0.166,0.166,0.2,0
1,3.7857,2,2,1.7053e-08,0,0.71429,3.3996e-08,1,1,0.168,0.168,0.2,0
1,3.7857,2,2,-9.9666e-08,0,0.71429,2.6774e-08,1,1,0.17,0.17,0.2,0
1,3.7857,2,2,-1.4766e-06,0,0.71429,4.8494e-07,1,1,0.172,0.172,0.2,0
0.99992,3.7855,2.0001,1.9999,-9.4683e-05,0,0.7142,-4.37e-05,0.99996,1,0.174,0.174,0.2,0
0.99913,3.7869,2.0077,2.003,-0.0043057,0,0.71164,-0.0013233,0.99715,1,0.176,0.176,0.2,0
0.9673,3.6529,2.0035,1.9339,0.00066717,0,0.68786,-0.013212,0.99561,1,0.178,0.178,0.2,0
1.8351,6.5506,1.3753,2.7623,0.83212,0,1.7131,0.49941,1.3069,1,0.18,0.18,0.2,0
1.8297,6.5291,1.3737,2.7521,0.82822,0,1.7088,0.49725,1.3075,1,0.182,0.182,0.2,0
1.828,6.5223,1.3738,2.7499,0.82593,0,1.7069,0.49631,1.3073,1,0.184,0.184,0.2,0
1.828,6.5221,1.3737,2.7498,0.82573,0,1.7069,0.49633,1.3073,1,0.186,0.186,0.2,0
1.8281,6.5223,1.3736,2.7498,0.82577,0,1.7071,0.49641,1.3073,1,0.188,0.188,0.2,0
1.8283,6.5228,1.3735,2.7499,0.82581,0,1.7073,0.49651,1.3074,1,0.19,0.19,0.2,0
1.8284,6.5232,1.3734,2.75,0.82594,0,1.7075,0.49658,1.3074,1,0.192,0.192,0.2,0
1.8285,6.5236,1.3734,2.7501,0.82602,0,1.7076,0.49665,1.3074,1,0.194,0.194,0.2,0
1.8285,6.5235,1.3734,2.7501,0.82594,0,1.7076,0.49665,1.3074,1,0.196,0.196,0.2,0
1.8285,6.5234,1.3733,2.75,0.82585,0,1.7076,0.49665,1.3074,1,0.198,0.198,0.2,0
1.8285,6.5233,1.3733,2.75,0.82579,0,1.7076,0.49665,1.3074,1,0.2,0.2,0.2,0
1.8285,6.5233,1.3733,2.75,0.82576,0,1.7076,0.49664,1.3074,1,0.202,0.202,0.2,0
1.8285,6.5233,1.3733,2.75,0.82573,0,1.7075,0.49663,1.3074,1,0.204,0.204,0.2,0
1.8285,6.5232,1.3733,2.75,0.82569,0,1.7075,0.49662,1.3074,1,0.206,0.206,0.2,0
1.8285,6.5232,1.3734,2.75,0.82566,0,1.7075,0.49661,1.3074,1,0.208,0.208,0.2,0
1.8285,6.5231,1.3734,2.75,0.82563,0,1.7075,0.49661,1.3074,1,0.21,0.21,0.2,0
1.8285,6.5231,1.3733,2.75,0.82561,0,1.7075,0.49661,1.3074,1,0.212,0.212,0.2,0
1.8285,6.5231,1.3733,2.75,0.82558,0,1.7075,0.49661,1.3074,1,0.214,0.214,0.2,0
1.8285,6.523,1.3733,2.75,0.82556,0,1.7075,0.49661,1.3074,1,0.216,0.216,0.2,0
1.8285,6.523,1.3733,2.75,0.82554,0,1.7075,0.49661,1.3074,1,0.218,0.218,0.2,0
1.8285,6.523,1.3733,2.75,0.82552,0,1.7075,0.49661,1.3073,1,0.22,0.22,0.2,0
1.8285,6.5229,1.3733,2.7499,0.82549,0,1.7075,0.4966,1.3073,1,0.222,0.222,0.2,0
1.8285,6.5229,1.3733,2.7499,0.82547,0,1.7075,0.4966,1.3073,1,0.224,0.224,0.2,0
1.8285,6.5229,1.3733,2.7499,0.82545,0,1.7075,0.4966,1.3073,1,0.226,0.226,0.2,0
1.8285,6.5229,1.3733,2.7499,0.82545,0,1.7075,0.49662,1.3073,1,0.228,0.228,0.2,0
1.8286,6.5229,1.3732,2.7499,0.82546,0,1.7076,0.49663,1.3073,1,0.23,0.23,0.2,0
1.8286,6.5229,1.3732,2.7499,0.82545,0,1.7076,0.49665,1.3074,1,0.232,0.232,0.2,0
1.8286,6.5229,1.3732,2.7499,0.82543,0,1.7076,0.49665,1.3074,1,0.234,0.234,0.2,0
1.8286,6.5229,1.3732,2.7499,0.82541,0,1.7076,0.49665,1.3073,1,0.236,0.236,0.2,0
1.8286,6.5228,1.3732,2.7498,0.8254,0,1.7076,0.49665,1.3073,1,0.238,0.238,0.2,0
1.8286,6.5228,1.3732,2.7498,0.82538,0,1.7076,0.49665,1.3073,1,0.24,0.24,0.2,0
1.8286,6.5228,1.3731,2.7498,0.82536,0,1.7076,0.49666,1.3073,1,0.242,0.242,0.2,0
1.8286,6.5227,1.3731,2.7498,0.82534,0,1.7076,0.49666,1.3073,1,0.244,0.244,0.2,0
1.8286,6.5227,1.3731,2.7498,0.82532,0,1.7076,0.49666,1.3073,1,0.246,0.246,0.2,0
1.8286,6.5227,1.3731,2.7497,0.8253,0,1.7076,0.49666,1.3073,1,0.248,0.248,0.2,0
1.8287,6.5227,1.3731,2.7498,0.82531,0,1.7076,0.49667,1.3073,1,0.25,0.25,0.2,0
1.8287,6.5228,1.3731,2.7498,0.82532,0,1.7077,0.49669,1.3074,1,0.252,0.252,0.2,0
1.8287,6.5229,1.3731,2.7498,0.82532,0,1.7077,0.4967,1.3074,1,0.254,0.254,0.2,0
1.8287,6.5229,1.3731,2.7498,0.82533,0,1.7077,0.49671,1.3074,1,0.256,0.256,0.2,0
1.8287,6.523,1.3731,2.7498,0.82534,0,1.7077,0.49672,1.3074,1,0.258,0.258,0.2,0
1.8288,6.5231,1.373,2.7498,0.82535,0,1.7078,0.49673,1.3074,1,0.26,0.26,0.2,0
1.8288,6.5231,1.373,2.7499,0.82536,0,1.7078,0.49675,1.3074,1,0.262,0.262,0.2,0
1.8288,6.5232,1.373,2.7499,0.82537,0,1.7078,0.49676,1.3074,1,0.264,0.264,0.2,0
1.8288,6.5233,1.373,2.7499,0.82537,0,1.7078,0.49677,1.3074,1,0.266,0.266,0.2,0
1.8288,6.5233,1.373,2.7499,0.82538,0,1.7079,0.49678,1.3074,1,0.268,0.268,0.2,0
1.8289,6.5234,1.373,2.7499,0.82539,0,1.7079,0.4968,1.3074,1,0.27,0.27,0.2,0
1.8289,6.5235,1.373,2.75,0.8254,0,1.7079,0.49681,1.3074,1,0.272,0.272,0.2,0
1.8289,6.5235,1.373,2.75,0.82541,0,1.7079,0.49682,1.3074,1,0.274,0.274,0.2,0
1.8289,6.5235,1.373,2.75,0.82542,0,1.7079,0.49682,1.3074,1,0.276,0.276,0.2,0
1.8289,6.5236,1.373,2.75,0.82542,0,1.7079,0.49683,1.3074,1,0.278,0.278,0.2,0
1.8289,6.5236,1.373,2.75,0.82541,0,1.7079,0.49683,1.3074,1,0.28,0.28,0.2,0
1.8289,6.5236,1.373,2.75,0.82541,0,1.708,0.49684,1.3074,1,0.282,0.282,0.2,0
1.8289,6.5236,1.3729,2.75,0.82541,0,1.708,0.49684,1.3074,1,0.284,0.284,0.2,0
1.829,6.5236,1.3729,2.7499,0.82541,0,1.708,0.49685,1.3074,1,0.286,0.286,0.2,0
1.829,6.5236,1.3729,2.7499,0.82541,0,1.708,0.49686,1.3074,1,0.288,0.288,0.2,0
1.829,6.5236,1.3729,2.7499,0.8254,0,1.708,0.49687,1.3074,1,0.29,0.29,0.2,0
1.829,6.5236,1.3729,2.7499,0.8254,0,1.708,0.49688,1.3074,1,0.292,0.292,0.2,0
1.829,6.5236,1.3728,2.7499,0.8254,0,1.7081,0.49689,1.3074,1,0.294,0.294,0.2,0
1.829,6.5236,1.3728,2.7498,0.8254,0,1.7081,0.49689,1.3074,1,0.296,0.296,0.2,0
1.829,6.5235,1.3728,2.7498,0.8254,0,1.7081,0.4969,1.3074,1,0.298,0.298,0.2,0
1.8291,6.5235,1.3728,2.7498,0.82539,0,1.7081,0.49691,1.3074,1,0.3,0.3,0.2,0
1.8291,6.5235,1.3728,2.7498,0.82539,0,1.7081,0.49692,1.3074,1,0.302,0.302,0.2,0
1.8291,6.5235,1.3727,2.7498,0.82539,0,1.7081,0.49693,1.3074,1,0.304,0.304,0.2,0
1.8291,6.5235,1.3727,2.7497,0.82539,0,1.7082,0.49693,1.3074,1,0.306,0.306,0.2,0
1.8291,6.5235,1.3727,2.7497,0.82539,0,1.7082,0.49694,1.3074,1,0.308,0.308,0.2,0
1.8291,6.5235,1.3727,2.7497,0.82538,0,1.7082,0.49695,1.3074,1,0.31,0.31,0.2,0
1.8291,6.5235,1.3727,2.7497,0.82538,0,1.7082,0.49696,1.3074,1,0.312,0.312,0.2,0
1.8291,6.5235,1.3726,2.7497,0.82537,0,1.7082,0.49696,1.3074,1,0.314,0.314,0.2,0
1.8291,6.5234,1.3726,2.7496,0.82535,0,1.7082,0.49696,1.3074,1,0.316,0.316,0.2,0
1.8291,6.5234,1.3726,2.7496,0.82533,0,1.7082,0.49696,1.3074,1,0.318,0.318,0.2,0
1.8291,6.5233,1.3726,2.7496,0.82531,0,1.7082,0.49695,1.3074,1,0.32,0.32,0.2,0
1.8291,6.5233,1.3726,2.7496,0.82529,0,1.7082,0.49695,1.3074,1,0.322,0.322,0.2,0
1.8291,6.5232,1.3726,2.7496,0.82527,0,1.7082,0.49695,1.3074,1,0.324,0.324,0.2,0
1.8291,6.5232,1.3726,2.7495,0.82525,0,1.7082,0.49695,1.3074,1,0.326,0.326,0.2,0
1.8291,6.5231,1.3726,2.7495,0.82523,0,1.7082,0.49694,1.3074,1,0.328,0.328,0.2,0
1.8291,6.5231,1.3726,2.7495,0.82521,0,1.7082,0.49694,1.3074,1,0.33,0.33,0.2,0
1.8291,6.523,1.3726,2.7495,0.82519,0,1.7082,0.49694,1.3074,1,0.332,0.332,0.2,0
1.8291,6.523,1.3725,2.7495,0.82517,0,1.7082,0.49693,1.3074,1,0.334,0.334,0.2,0
1.8291,6.5229,1.3725,2.7494,0.82515,0,1.7082,0.49693,1.3074,1,0.336,0.336,0.2,0
1.8291,6.5229,1.3725,2.7494,0.82513,0,1.7081,0.49693,1.3074,1,0.338,0.338,0.2,0
1.8291,6.5228,1.3725,2.7494,0.82511,0,1.7081,0.49693,1.3074,1,0.34,0.34,0.2,0
1.8291,6.5228,1.3725,2.7494,0.82509,0,1.7081,0.49692,1.3074,1,0.342,0.342,0.2,0
1.8291,6.5227,1.3725,2.7494,0.82507,0,1.7081,0.49692,1.3074,1,0.344,0.344,0.2,0
1.8291,6.5227,1.3725,2.7493,0.82505,0,1.7081,0.49692,1.3074,1,0.346,0.346,0.2,0
1.8291,6.5226,1.3725,2.7493,0.82504,0,1.7081,0.49692,1.3074,1,0.348,0.348,0.2,0
1.8291,6.5226,1.3725,2.7493,0.82503,0,1.7081,0.49692,1.3074,1,0.35,0.35,0.2,0
1.8291,6.5226,1.3725,2.7493,0.82502,0,1.7081,0.49692,1.3074,1,0.352,0.352,0.2,0
1.8291,6.5225,1.3724,2.7493,0.825,0,1.7081,0.49692,1.3074,1,0.354,0.354,0.2,0
1.8291,6.5224,1.3724,2.7492,0.82498,0,1.7081,0.49691,1.3074,1,0.356,0.356,0.2,0
1.8291,6.5223,1.3724,2.7492,0.82495,0,1.7081,0.49691,1.3074,1,0.358,0.358,0.2,0
1.8291,6.5223,1.3724,2.7492,0.82493,0,1.7081,0.4969,1.3074,1,0.36,0.36,0.2,0
1.8291,6.5222,1.3724,2.7491,0.82491,0,1.7081,0.4969,1.3074,1,0.362,0.362,0.2,0
1.8291,6.5221,1.3724,2.7491,0.82489,0,1.7081,0.4969,1.3074,1,0.364,0.364,0.2,0
1.8291,6.522,1.3724,2.7491,0.82486,0,1.7081,0.49689,1.3074,1,0.366,0.366,0.2,0
1.8291,6.522,1.3723,2.749,0.82484,0,1.7081,0.49689,1.3074,1,0.368,0.368,0.2,0
1.8291,6.5219,1.3723,2.749,0.82482,0,1.7081,0.49689,1.3074,1,0.37,0.37,0.2,0
1.8291,6.5218,1.3723,2.7489,0.8248,0,1.7081,0.49689,1.3074,1,0.372,0.372,0.2,0
1.8291,6.5217,1.3723,2.7489,0.82478,0,1.7081,0.49688,1.3074,1,0.374,0.374,0.2,0
1.8291,6.5217,1.3723,2.7489,0.82476,0,1.708,0.49688,1.3074,1,0.376,0.376,0.2,0
1.8291,6.5216,1.3723,2.7488,0.82474,0,1.708,0.49688,1.3074,1,0.378,0.378,0.2,0
1.8291,6.5215,1.3722,2.7488,0.82472,0,1.708,0.49688,1.3074,1,0.38,0.38,0.2,0
1.8291,6.5215,1.3722,2.7488,0.8247,0,1.708,0.49687,1.3073,1,0.382,0.382,0.2,0
1.8291,6.5214,1.3722,2.7487,0.82468,0,1.708,0.49687,1.3073,1,0.384,0.384,0.2,0
1.8291,6.5213,1.3722,2.7487,0.82466,0,1.708,0.49687,1.3073,1,0.386,0.386,0.2,0
1.8291,6.5212,1.3722,2.7487,0.82464,0,1.708,0.49687,1.3073,1,0.388,0.388,0.2,0
1.8291,6.5212,1.3722,2.7486,0.82463,0,1.708,0.49687,1.3073,1,0.39,0.39,0.2,0
1.8291,6.5211,1.3722,2.7486,0.82459,0,1.708,0.49686,1.3073,1,0.392,0.392,0.2,0
1.8291,6.521,1.3721,2.7486,0.82456,0,1.708,0.49685,1.3073,1,0.394,0.394,0.2,0
1.8291,6.5209,1.3721,2.7485,0.82453,0,1.708,0.49684,1.3073,1,0.396,0.396,0.2,0
1.8291,6.5208,1.3721,2.7485,0.8245,0,1.7079,0.49683,1.3073,1,0.398,0.398,0.2,0
1.8291,6.5207,1.3721,2.7485,0.82447,0,1.7079,0.49682,1.3073,1,0.4,0.4,0.2,0
1.8291,6.5206,1.3721,2.7485,0.82446,0,1.7079,0.49682,1.3073,1,0.402,0.402,0.2,0
1.8291,6.5206,1.3721,2.7484,0.82444,0,1.7079,0.49682,1.3073,1,0.404,0.404,0.2,0
1.8291,6.5205,1.3721,2.7484,0.82443,0,1.7079,0.49682,1.3073,1,0.406,0.406,0.2,0
1.8291,6.5205,1.3721,2.7484,0.82442,0,1.7079,0.49682,1.3073,1,0.408,0.408,0.2,0
1.8291,6.5204,1.372,2.7484,0.8244,0,1.7079,0.49682,1.3073,1,0.41,0.41,0.2,0
1.8291,6.5204,1.372,2.7483,0.82439,0,1.7079,0.49681,1.3073,1,0.412,0.412,0.2,0
1.8291,6.5203,1.372,2.7483,0.82437,0,1.7079,0.49681,1.3072,1,0.414,0.414,0.2,0
1.8291,6.5202,1.372,2.7483,0.82436,0,1.7079,0.49681,1.3072,1,0.416,0.416,0.2,0
1.8291,6.5202,1.372,2.7483,0.82434,0,1.7079,0.49681,1.3072,1,0.418,0.418,0.2,0
1.8291,6.5201,1.372,2.7482,0.82433,0,1.7079,0.49681,1.3072,1,0.42,0.42,0.2,0
1.8291,6.5201,1.372,2.7482,0.82432,0,1.7079,0.49681,1.3072,1,0.422,0.422,0.2,0
1.8291,6.52,1.372,2.7482,0.8243,0,1.7079,0.49681,1.3072,1,0.424,0.424,0.2,0
1.8291,6.52,1.3719,2.7482,0.82429,0,1.7079,0.4968,1.3072,1,0.426,0.426,0.2,0
1.8291,6.5199,1.3719,2.7482,0.82427,0,1.7079,0.4968,1.3072,1,0.428,0.428,0.2,0
1.8291,6.5198,1.3719,2.7481,0.82424,0,1.7079,0.49679,1.3072,1,0.43,0.43,0.2,0
1.8291,6.5198,1.3719,2.7481,0.82422,0,1.7079,0.49679,1.3072,1,0.432,0.432,0.2,0
1.8291,6.5197,1.3719,2.7481,0.8242,0,1.7078,0.49678,1.3072,1,0.434,0.434,0.2,0
1.8291,6.5197,1.3719,2.7481,0.82417,0,1.7078,0.49678,1.3072,1,0.436,0.436,0.2,0
1.8291,6.5196,1.3719,2.7481,0.82415,0,1.7078,0.49677,1.3072,1,0.438,0.438,0.2,0
1.8291,6.5195,1.3719,2.7481,0.82412,0,1.7078,0.49676,1.3071,1,0.44,0.44,0.2,0
1.8291,6.5195,1.3719,2.7481,0.8241,0,1.7078,0.49676,1.3071,1,0.442,0.442,0.2,0
1.8291,6.5194,1.3719,2.7481,0.82408,0,1.7078,0.49675,1.3071,1,0.444,0.444,0.2,0
1.8292,6.5194,1.3719,2.7481,0.82408,0,1.7078,0.49676,1.3071,1,0.446,0.446,0.2,0
1.8292,6.5194,1.3719,2.7481,0.82409,0,1.7078,0.49677,1.3071,1,0.448,0.448,0.2,0
1.8292,6.5195,1.3718,2.7481,0.82411,0,1.7078,0.49678,1.3071,1,0.45,0.45,0.2,0
1.8292,6.5195,1.3718,2.7481,0.82412,0,1.7079,0.49679,1.3071,1,0.452,0.452,0.2,0
1.8293,6.5196,1.3718,2.7481,0.82414,0,1.7079,0.4968,1.3071,1,0.454,0.454,0.2,0
1.8293,6.5195,1.3718,2.7481,0.82412,0,1.7079,0.4968,1.3071,1,0.456,0.456,0.2,0
1.8293,6.5195,1.3718,2.7481,0.8241,0,1.7079,0.49679,1.3071,1,0.458,0.458,0.2,0
1.8293,6.5195,1.3718,2.7481,0.82408,0,1.7079,0.49679,1.3071,1,0.46,0.46,0.2,0
1.8293,6.5194,1.3718,2.7481,0.82406,0,1.7079,0.49678,1.3071,1,0.462,0.462,0.2,0
1.8293,6.5194,1.3718,2.7481,0.82404,0,1.7078,0.49678,1.307,1,0.464,0.464,0.2,0
1.8293,6.5194,1.3718,2.7481,0.82402,0,1.7078,0.49678,1.307,1,0.466,0.466,0.2,0
1.8293,6.5193,1.3718,2.7481,0.824,0,1.7078,0.49677,1.307,1,0.468,0.468,0.2,0
1.8293,6.5193,1.3718,2.7481,0.82399,0,1.7078,0.49677,1.307,1,0.47,0.47,0.2,0
1.8293,6.5193,1.3718,2.7481,0.82397,0,1.7078,0.49676,1.307,1,0.472,0.472,0.2,0
1.8293,6.5192,1.3718,2.7481,0.82398,0,1.7078,0.49675,1.307,1,0.474,0.474,0.2,0
1.8293,6.5191,1.3719,2.7481,0.82397,0,1.7077,0.49672,1.307,1,0.476,0.476,0.2,0
1.8292,6.5188,1.372,2.7481,0.82391,0,1.7076,0.49664,1.3069,1,0.478,0.478,0.2,0
1.8291,6.5185,1.3721,2.7482,0.82385,0,1.7074,0.49657,1.3068,1,0.48,0.48,0.2,0
1.829,6.5183,1.3722,2.7482,0.82379,0,1.7073,0.49649,1.3068,1,0.482,0.482,0.2,0
1.8289,6.518,1.3723,2.7482,0.82373,0,1.7071,0.49641,1.3067,1,0.484,0.484,0.2,0
1.8289,6.5177,1.3724,2.7482,0.82367,0,1.7069,0.49633,1.3067,1,0.486,0.486,0.2,0
1.8288,6.5175,1.3725,2.7482,0.82361,0,1.7068,0.49625,1.3066,1,0.488,0.488,0.2,0
1.8286,6.517,1.3726,2.7482,0.82349,0,1.7066,0.49614,1.3066,1,0.49,0.49,0.2,0
1.8283,6.5159,1.3728,2.7481,0.82319,0,1.7061,0.49589,1.3064,1,0.492,0.492,0.2,0
1.8274,6.5131,1.3733,2.7477,0.82236,0,1.7049,0.49532,1.3062,1,0.494,0.494,0.2,0
1.8265,6.5105,1.3738,2.7474,0.82159,0,1.7038,0.49476,1.3059,1,0.496,0.496,0.2,0
1.8257,6.5079,1.3743,2.747,0.82082,0,1.7027,0.4942,1.3057,1,0.498,0.498,0.2,0
1.8249,6.5053,1.3748,2.7467,0.82005,0,1.7016,0.49365,1.3054,1,0.5,0.5,0.2,0
1.824,6.5026,1.3753,2.7463,0.81928,0,1.7005,0.49309,1.3052,1,0.502,0.502,0.2,0
1.8232,6.5002,1.3758,2.746,0.81857,0,1.6994,0.49257,1.3049,1,0.504,0.504,0.2,0
1.8243,6.5036,1.3752,2.7465,0.81962,0,1.7008,0.49328,1.3052,1,0.506,0.506,0.2,0
1.8269,6.5121,1.374,2.7482,0.82209,0,1.704,0.49488,1.3059,1,0.508,0.508,0.2,0
1.8297,6.5212,1.3728,2.75,0.82467,0,1.7074,0.49658,1.3065,1,0.51,0.51,0.2,0
1.8324,6.5303,1.3717,2.7519,0.82725,0,1.7108,0.49827,1.3071,1,0.512,0.512,0.2,0
1.833,6.5326,1.3716,2.7528,0.82789,0,1.7115,0.49859,1.3072,1,0.514,0.514,0.2,0
1.8259,6.5103,1.3756,2.7494,0.82127,0,1.7023,0.49399,1.3052,1,0.516,0.516,0.2,0
1.8173,6.4833,1.3804,2.7453,0.8133,0,1.6911,0.48839,1.3027,1,0.518,0.518,0.2,0
1.8071,6.4519,1.3869,2.7413,0.80408,0,1.6775,0.48159,1.2995,1,0.52,0.52,0.2,0
1.784,6.3784,1.4003,2.7293,0.78157,0,1.6475,0.46663,1.2926,1,0.522,0.522,0.2,0
1.7609,6.3049,1.4137,2.7173,0.75906,0,1.6176,0.45166,1.2857,1,0.524,0.524,0.2,0
1.7269,6.196,1.4331,2.6987,0.7258,0,1.5738,0.42974,1.2757,1,0.526,0.526,0.2,0
1.6922,6.0836,1.4535,2.677,0.69062,0,1.5297,0.40771,1.2652,1,0.528,0.528,0.2,0
1.6583,5.9738,1.4736,2.6543,0.65566,0,1.4873,0.38652,1.2548,1,0.53,0.53,0.2,0
1.6241,5.8627,1.4938,2.6313,0.62021,0,1.4444,0.36508,1.2444,1,0.532,0.532,0.2,0
1.589,5.7484,1.5147,2.6073,0.58377,0,1.4005,0.34311,1.2336,1,0.534,0.534,0.2,0
1.5494,5.6187,1.5393,2.5772,0.54277,0,1.3518,0.31873,1.221,1,0.536,0.536,0.2,0
1.5174,5.5133,1.5602,2.5492,0.51024,0,1.3135,0.29961,1.2105,1,0.538,0.538,0.2,0
1.4855,5.4079,1.5811,2.5211,0.47772,0,1.2752,0.28048,1.1999,1,0.54,0.54,0.2,0
1.4535,5.3025,1.602,2.4931,0.44519,0,1.237,0.26135,1.1894,1,0.542,0.542,0.2,0
1.4216,5.197,1.623,2.4651,0.41265,0,1.1987,0.24221,1.1789,1,0.544,0.544,0.2,0
1.3894,5.0911,1.6438,2.4375,0.37991,0,1.16,0.22288,1.1683,1,0.546,0.546,0.2,0
1.3614,4.998,1.6628,2.4106,0.3512,0,1.1272,0.20646,1.1588,1,0.548,0.548,0.2,0
1.3343,4.9067,1.6826,2.3811,0.32359,0,1.0964,0.19105,1.1492,1,0.55,0.55,0.2,0
1.3071,4.8154,1.7023,2.3516,0.29598,0,1.0656,0.17563,1.1396,1,0.552,0.552,0.2,0
1.28,4.7242,1.7221,2.3221,0.26837,0,1.0347,0.16022,1.1299,1,0.554,0.554,0.2,0
1.2529,4.6329,1.7418,2.2926,0.24076,0,1.0039,0.14481,1.1203,1,0.556,0.556,0.2,0
1.2287,4.5516,1.7596,2.2657,0.21651,0,0.97667,0.13119,1.1116,1,0.558,0.558,0.2,0
1.2057,4.4741,1.7767,2.2398,0.19355,0,0.95084,0.11827,1.1033,1,0.56,0.56,0.2,0
1.1828,4.3967,1.794,2.2134,0.17086,0,0.92526,0.10549,1.095,1,0.562,0.562,0.2,0
1.1602,4.3194,1.8128,2.1839,0.14956,0,0.90112,0.093418,1.0862,1,0.564,0.564,0.2,0
1.1393,4.2478,1.83,2.1569,0.12987,0,0.87863,0.082173,1.0781,1,0.566,0.566,0.2,0
1.1201,4.1822,1.8457,2.1324,0.11187,0,0.85788,0.071795,1.0707,1,0.568,0.568,0.2,0
1.1009,4.1165,1.8615,2.1079,0.093868,0,0.83712,0.061417,1.0633,1,0.57,0.57,0.2,0
1.0817,4.0509,1.8772,2.0834,0.075867,0,0.81636,0.05104,1.0559,1,0.572,0.572,0.2,0
1.0629,3.9864,1.8928,2.0589,0.058378,0,0.79619,0.040951,1.0486,1,0.574,0.574,0.2,0
1.0462,3.9285,1.9079,2.0347,0.043647,0,0.77917,0.032441,1.0418,1,0.576,0.576,0.2,0
1.0296,3.8705,1.923,2.0105,0.028915,0,0.76215,0.02393,1.0349,1,0.578,0.578,0.2,0
1.0129,3.8126,1.9381,1.9863,0.014184,0,0.74513,0.01542,1.0281,1,0.58,0.58,0.2,0
0.99681,3.7565,1.9526,1.9629,-4.1152e-05,0,0.7286,0.007159,1.0214,1,0.582,0.582,0.2,0
0.98259,3.7072,1.9653,1.9426,-0.012402,0,0.71392,-0.0001806,1.0157,1,0.584,0.584,0.2,0
0.96837,3.6579,1.978,1.9224,-0.024763,0,0.69924,-0.0075204,1.0099,1,0.586,0.586,0.2,0
0.95415,3.6086,1.9907,1.9022,-0.037124,0,0.68457,-0.01486,1.0041,1,0.588,0.588,0.2,0
0.94064,3.5612,2.0038,1.8814,-0.04784,0,0.67113,-0.021575,0.9983,1,0.59,0.59,0.2,0
0.92954,3.5221,2.0149,1.8639,-0.05662,0,0.66024,-0.027023,0.99346,1,0.592,0.592,0.2,0
0.91882,3.4844,2.0255,1.8471,-0.065186,0,0.6497,-0.032291,0.9888,1,0.594,0.594,0.2,0
0.9081,3.4467,2.0361,1.8302,-0.073751,0,0.63917,-0.037559,0.98414,1,0.596,0.596,0.2,0
0.89675,3.4067,2.0475,1.8124,-0.082788,0,0.62802,-0.043131,0.97917,1,0.598,0.598,0.2,0
0.88534,3.3665,2.0589,1.7944,-0.091876,0,0.61681,-0.048736,0.97418,1,0.6,0.6,0.2,0
0.87375,3.3258,2.0704,1.7763,-0.10123,0,0.60537,-0.05446,0.96913,1,0.602,0.602,0.2,0
0.86351,3.2898,2.0806,1.7603,-0.10952,0,0.59529,-0.059499,0.96466,1,0.604,0.604,0.2,0
0.85443,3.2578,2.0899,1.7457,-0.11676,0,0.58645,-0.063919,0.96062,1,0.606,0.606,0.2,0
0.8453,3.2256,2.0994,1.731,-0.12394,0,0.5776,-0.068343,0.95653,1,0.608,0.608,0.2,0
0.83592,3.1923,2.11,1.7153,-0.13085,0,0.56871,-0.07279,0.95209,1,0.61,0.61,0.2,0
0.82653,3.1589,2.1205,1.6996,-0.13775,0,0.55981,-0.077237,0.94765,1,0.612,0.612,0.2,0
0.81849,3.1303,2.1296,1.6859,-0.14352,0,0.55226,-0.081015,0.94386,1,0.614,0.614,0.2,0
0.81172,3.1061,2.1372,1.6743,-0.14821,0,0.54595,-0.084168,0.94069,1,0.616,0.616,0.2,0
0.80489,3.0818,2.1449,1.6627,-0.15292,0,0.53955,-0.087367,0.93748,1,0.618,0.618,0.2,0
0.79807,3.0575,2.1526,1.6511,-0.15763,0,0.53315,-0.090566,0.93427,1,0.62,0.62,0.2,0
0.79124,3.0332,2.1602,1.6395,-0.16233,0,0.52676,-0.093764,0.93106,1,0.622,0.622,0.2,0
0.78441,3.0088,2.1679,1.6279,-0.16704,0,0.52036,-0.096963,0.92786,1,0.624,0.624,0.2,0
0.77759,2.9845,2.1756,1.6164,-0.17175,0,0.51396,-0.10016,0.92465,1,0.626,0.626,0.2,0
0.77036,2.9587,2.1838,1.604,-0.17661,0,0.50722,-0.10353,0.92122,1,0.628,0.628,0.2,0
0.76318,2.9331,2.1919,1.5918,-0.18153,0,0.50048,-0.1069,0.91783,1,0.63,0.63,0.2,0
0.75725,2.9119,2.1989,1.5814,-0.18539,0,0.49505,-0.10962,0.91497,1,0.632,0.632,0.2,0
0.75179,2.8922,2.2056,1.5716,-0.1887,0,0.49016,-0.11206,0.91226,1,0.634,0.634,0.2,0
0.74633,2.8725,2.2124,1.5617,-0.192,0,0.48527,-0.11451,0.90954,1,0.636,0.636,0.2,0
0.74087,2.8529,2.2192,1.5519,-0.19531,0,0.48038,-0.11695,0.90683,1,0.638,0.638,0.2,0
0.73541,2.8332,2.2259,1.542,-0.19862,0,0.47549,-0.1194,0.90411,1,0.64,0.64,0.2,0
0.72995,2.8135,2.2327,1.5321,-0.20192,0,0.4706,-0.12185,0.9014,1,0.642,0.642,0.2,0
0.72444,2.7938,2.2391,1.5226,-0.20563,0,0.4655,-0.12439,0.89876,1,0.644,0.644,0.2,0
0.71892,2.774,2.2454,1.5131,-0.20942,0,0.46037,-0.12696,0.89614,1,0.646,0.646,0.2,0
0.71421,2.757,2.2514,1.5044,-0.21205,0,0.45623,-0.12903,0.89378,1,0.648,0.648,0.2,0
0.7097,2.7406,2.2573,1.496,-0.21438,0,0.45233,-0.13098,0.89147,1,0.65,0.65,0.2,0
0.7052,2.7242,2.2632,1.4875,-0.21672,0,0.44844,-0.13292,0.88917,1,0.652,0.652,0.2,0
0.70069,2.7078,2.2691,1.479,-0.21905,0,0.44454,-0.13487,0.88686,1,0.654,0.654,0.2,0
0.69643,2.6925,2.2743,1.4714,-0.22174,0,0.4407,-0.1368,0.88478,1,0.656,0.656,0.2,0
0.69219,2.6772,2.2793,1.4639,-0.22446,0,0.43685,-0.13872,0.8827,1,0.658,0.658,0.2,0
0.68796,2.662,2.2844,1.4563,-0.22719,0,0.43301,-0.14064,0.88063,1,0.66,0.66,0.2,0
0.68372,2.6467,2.2895,1.4488,-0.22991,0,0.42917,-0.14256,0.87856,1,0.662,0.662,0.2,0
0.68014,2.6337,2.2946,1.4419,-0.23165,0,0.42613,-0.14408,0.87662,1,0.664,0.664,0.2,0
0.67653,2.6205,2.2996,1.4351,-0.23344,0,0.42304,-0.14563,0.87472,1,0.666,0.666,0.2,0
0.67279,2.6069,2.3044,1.4281,-0.23544,0,0.41977,-0.14726,0.87283,1,0.668,0.668,0.2,0
0.66904,2.5933,2.3092,1.4212,-0.23744,0,0.41651,-0.14889,0.87094,1,0.67,0.67,0.2,0
0.6653,2.5797,2.314,1.4142,-0.23944,0,0.41324,-0.15052,0.86906,1,0.672,0.672,0.2,0
0.66155,2.5661,2.3188,1.4073,-0.24144,0,0.40998,-0.15215,0.86717,1,0.674,0.674,0.2,0
0.65824,2.5541,2.3231,1.4011,-0.24321,0,0.4071,-0.15359,0.86547,1,0.676,0.676,0.2,0
0.65565,2.5446,2.3266,1.3961,-0.24454,0,0.40488,-0.1547,0.86411,1,0.678,0.678,0.2,0
0.65314,2.5354,2.3301,1.3913,-0.24569,0,0.40276,-0.15576,0.86279,1,0.68,0.68,0.2,0
0.65047,2.5256,2.3338,1.3862,-0.24698,0,0.40049,-0.1569,0.86138,1,0.682,0.682,0.2,0
0.64755,2.515,2.3378,1.3807,-0.24847,0,0.39798,-0.15815,0.85983,1,0.684,0.684,0.2,0
0.64463,2.5044,2.3419,1.3751,-0.24996,0,0.39547,-0.15941,0.85827,1,0.686,0.686,0.2,0
0.64171,2.4938,2.3459,1.3696,-0.25146,0,0.39297,-0.16066,0.85671,1,0.688,0.688,0.2,0
0.63879,2.4831,2.35,1.3641,-0.25295,0,0.39046,-0.16191,0.85516,1,0.69,0.69,0.2,0
0.63588,2.4725,2.354,1.3586,-0.25445,0,0.38795,-0.16317,0.8536,1,0.692,0.692,0.2,0
0.63313,2.4625,2.3578,1.3533,-0.25582,0,0.3856,-0.16434,0.85215,1,0.694,0.694,0.2,0
0.6306,2.4532,2.3612,1.3485,-0.25704,0,0.38344,-0.16542,0.85083,1,0.696,0.696,0.2,0
0.62806,2.444,2.3647,1.3437,-0.25826,0,0.38128,-0.1665,0.84951,1,0.698,0.698,0.2,0
0.62553,2.4347,2.3681,1.3389,-0.25949,0,0.37911,-0.16759,0.84819,1,0.7,0.7,0.2,0
0.62299,2.4255,2.3715,1.3341,-0.26071,0,0.37695,-0.16867,0.84687,1,0.702,0.702,0.2,0
0.62046,2.4162,2.375,1.3292,-0.26193,0,0.37479,-0.16975,0.84555,1,0.704,0.704,0.2,0
0.61796,2.4071,2.3784,1.3245,-0.26311,0,0.37267,-0.17081,0.84423,1,0.706,0.706,0.2,0
0.61564,2.3986,2.3818,1.3199,-0.26403,0,0.37077,-0.17176,0.84296,1,0.708,0.708,0.2,0
0.61333,2.3901,2.3853,1.3153,-0.26495,0,0.36888,-0.1727,0.8417,1,0.71,0.71,0.2,0
0.61135,2.3828,2.3882,1.3114,-0.26577,0,0.36725,-0.17352,0.84061,1,0.712,0.712,0.2,0
0.60959,2.3763,2.3908,1.308,-0.26652,0,0.36579,-0.17425,0.83966,1,0.714,0.714,0.2,0
0.60782,2.3698,2.3934,1.3045,-0.26728,0,0.36433,-0.17498,0.83869,1,0.716,0.716,0.2,0
0.60569,2.362,2.3965,1.3004,-0.26823,0,0.36255,-0.17587,0.83751,1,0.718,0.718,0.2,0
0.60356,2.3542,2.3997,1.2962,-0.26917,0,0.36078,-0.17676,0.83633,1,0.72,0.72,0.2,0
0.60144,2.3464,2.4029,1.2921,-0.27012,0,0.359,-0.17764,0.83515,1,0.722,0.722,0.2,0
0.59931,2.3386,2.4061,1.2879,-0.27106,0,0.35723,-0.17853,0.83397,1,0.724,0.724,0.2,0
0.59718,2.3308,2.4092,1.2838,-0.27201,0,0.35545,-0.17942,0.83278,1,0.726,0.726,0.2,0
0.59523,2.3237,2.4121,1.28,-0.27286,0,0.35383,-0.18023,0.83171,1,0.728,0.728,0.2,0
0.59358,2.3176,2.4145,1.2767,-0.27354,0,0.35246,-0.18091,0.83083,1,0.73,0.73,0.2,0
0.59192,2.3115,2.4168,1.2735,-0.27422,0,0.3511,-0.18159,0.82995,1,0.732,0.732,0.2,0
0.59027,2.3054,2.4192,1.2702,-0.27491,0,0.34973,-0.18228,0.82907,1,0.734,0.734,0.2,0
0.58861,2.2993,2.4215,1.267,-0.27559,0,0.34837,-0.18296,0.82818,1,0.736,0.736,0.2,0
0.58696,2.2932,2.4239,1.2637,-0.27628,0,0.347,-0.18364,0.8273,1,0.738,0.738,0.2,0
0.58524,2.2869,2.4264,1.2604,-0.27701,0,0.34557,-0.18436,0.82637,1,0.74,0.74,0.2,0
0.58344,2.2803,2.429,1.2569,-0.27782,0,0.34406,-0.18511,0.82539,1,0.742,0.742,0.2,0
0.58164,2.2737,2.4316,1.2534,-0.27862,0,0.34254,-0.18587,0.8244,1,0.744,0.744,0.2,0
0.58019,2.2684,2.4339,1.2505,-0.27913,0,0.34138,-0.18645,0.82358,1,0.746,0.746,0.2,0
0.57882,2.2633,2.4361,1.2478,-0.27957,0,0.34029,-0.187,0.8228,1,0.748,0.748,0.2,0
0.57745,2.2582,2.4382,1.245,-0.28001,0,0.3392,-0.18755,0.82202,1,0.75,0.75,0.2,0
0.57607,2.2531,2.4404,1.2422,-0.28046,0,0.3381,-0.18809,0.82124,1,0.752,0.752,0.2,0
0.5747,2.248,2.4426,1.2394,-0.2809,0,0.33701,-0.18864,0.82046,1,0.754,0.754,0.2,0
0.57322,2.2426,2.445,1.2364,-0.28141,0,0.33583,-0.18923,0.81961,1,0.756,0.756,0.2,0
0.57156,2.2365,2.4477,1.2331,-0.28204,0,0.33448,-0.1899,0.81864,1,0.758,0.758,0.2,0
0.56991,2.2304,2.4504,1.2298,-0.28267,0,0.33313,-0.19058,0.81766,1,0.76,0.76,0.2,0
0.56845,2.225,2.4527,1.2269,-0.28323,0,0.33195,-0.19117,0.81684,1,0.762,0.762,0.2,0
0.56719,2.2204,2.4545,1.2244,-0.28373,0,0.33092,-0.19169,0.81616,1,0.764,0.764,0.2,0
0.56593,2.2157,2.4563,1.2219,-0.28423,0,0.32989,-0.1922,0.81547,1,0.766,0.766,0.2,0
0.56467,2.2111,2.4582,1.2195,-0.28473,0,0.32886,-0.19271,0.81479,1,0.768,0.768,0.2,0
0.56341,2.2064,2.46,1.217,-0.28523,0,0.32783,-0.19323,0.81411,1,0.77,0.77,0.2,0
0.56215,2.2018,2.4619,1.2145,-0.28572,0,0.3268,-0.19374,0.81343,1,0.772,0.772,0.2,0
0.56089,2.1972,2.4637,1.212,-0.28622,0,0.32577,-0.19426,0.81275,1,0.774,0.774,0.2,0
0.55963,2.1925,2.4656,1.2095,-0.28672,0,0.32474,-0.19477,0.81207,1,0.776,0.776,0.2,0
0.55837,2.1879,2.4674,1.207,-0.28722,0,0.32371,-0.19529,0.81139,1,0.778,0.778,0.2,0
0.55711,2.1832,2.4693,1.2045,-0.28772,0,0.32268,-0.1958,0.81071,1,0.78,0.78,0.2,0
0.55585,2.1786,2.4711,1.202,-0.28822,0,0.32165,-0.19632,0.81002,1,0.782,0.782,0.2,0
0.55458,2.1739,2.4729,1.1995,-0.28872,0,0.32062,-0.19683,0.80934,1,0.784,0.784,0.2,0
0.55338,2.1695,2.4749,1.1971,-0.28912,0,0.31966,-0.19731,0.80866,1,0.786,0.786,0.2,0
0.55242,2.1659,2.4764,1.1951,-0.28942,0,0.3189,-0.19769,0.80812,1,0.788,0.788,0.2,0
0.55133,2.1619,2.4782,1.1929,-0.28975,0,0.31804,-0.19812,0.80749,1,0.79,0.79,0.2,0
0.55024,2.1579,2.48,1.1907,-0.29009,0,0.31718,-0.19856,0.80685,1,0.792,0.792,0.2,0
0.54916,2.1538,2.4818,1.1885,-0.29042,0,0.31631,-0.19899,0.80621,1,0.794,0.794,0.2,0
0.54807,2.1498,2.4836,1.1863,-0.29076,0,0.31545,-0.19942,0.80558,1,0.796,0.796,0.2,0
0.54698,2.1458,2.4854,1.1841,-0.2911,0,0.31459,-0.19985,0.80494,1,0.798,0.798,0.2,0
0.54589,2.1418,2.4872,1.1819,-0.29143,0,0.31372,-0.20028,0.8043,1,0.8,0.8,0.2,0
0.5448,2.1377,2.489,1.1797,-0.29177,0,0.31286,-0.20071,0.80367,1,0.802,0.802,0.2,0
0.54372,2.1337,2.4908,1.1775,-0.2921,0,0.312,-0.20114,0.80303,1,0.804,0.804,0.2,0
0.54263,2.1297,2.4926,1.1753,-0.29244,0,0.31113,-0.20158,0.80239,1,0.806,0.806,0.2,0
0.54154,2.1257,2.4944,1.1731,-0.29278,0,0.31027,-0.20201,0.80176,1,0.808,0.808,0.2,0
0.54045,2.1216,2.4962,1.1709,-0.29311,0,0.30941,-0.20244,0.80112,1,0.81,0.81,0.2,0
0.53956,2.1183,2.4976,1.1691,-0.29339,0,0.3087,-0.20279,0.80062,1,0.812,0.812,0.2,0
0.5387,2.1152,2.4989,1.1674,-0.29366,0,0.30802,-0.20313,0.80015,1,0.814,0.814,0.2,0
0.53785,2.112,2.5002,1.1656,-0.29393,0,0.30735,-0.20347,0.79968,1,0.816,0.816,0.2,0
0.537,2.1088,2.5015,1.1639,-0.29419,0,0.30668,-0.2038,0.7992,1,0.818,0.818,0.2,0
0.53615,2.1057,2.5029,1.1622,-0.29446,0,0.306,-0.20414,0.79873,1,0.82,0.82,0.2,0
0.53529,2.1025,2.5042,1.1605,-0.29473,0,0.30533,-0.20448,0.79826,1,0.822,0.822,0.2,0
0.53444,2.0994,2.5055,1.1587,-0.29499,0,0.30465,-0.20482,0.79779,1,0.824,0.824,0.2,0
0.53359,2.0962,2.5068,1.157,-0.29526,0,0.30398,-0.20515,0.79732,1,0.826,0.826,0.2,0
0.53274,2.0931,2.5081,1.1553,-0.29553,0,0.3033,-0.20549,0.79685,1,0.828,0.828,0.2,0
0.53188,2.0899,2.5094,1.1536,-0.2958,0,0.30263,-0.20583,0.79638,1,0.83,0.83,0.2,0
0.53103,2.0867,2.5108,1.1518,-0.29606,0,0.30196,-0.20617,0.79591,1,0.832,0.832,0.2,0
0.53018,2.0836,2.5121,1.1501,-0.29633,0,0.30128,-0.2065,0.79543,1,0.834,0.834,0.2,0
0.52928,2.0803,2.5135,1.1483,-0.29661,0,0.30057,-0.20686,0.79493,1,0.836,0.836,0.2,0
0.5283,2.0766,2.5151,1.1463,-0.29693,0,0.29979,-0.20725,0.79437,1,0.838,0.838,0.2,0
0.52747,2.0736,2.5164,1.1447,-0.29721,0,0.29912,-0.20758,0.79389,1,0.84,0.84,0.2,0
0.5267,2.0707,2.5177,1.1431,-0.29743,0,0.29852,-0.20788,0.79345,1,0.842,0.842,0.2,0
0.526,2.0681,2.5189,1.1417,-0.29762,0,0.29797,-0.20816,0.79303,1,0.844,0.844,0.2,0
0.52529,2.0655,2.5201,1.1402,-0.29781,0,0.29742,-0.20843,0.79262,1,0.846,0.846,0.2,0
0.52459,2.0629,2.5213,1.1388,-0.298,0,0.29687,-0.20871,0.7922,1,0.848,0.848,0.2,0
0.52388,2.0603,2.5225,1.1373,-0.29818,0,0.29632,-0.20898,0.79178,1,0.85,0.85,0.2,0
0.52318,2.0577,2.5237,1.1359,-0.29837,0,0.29577,-0.20926,0.79137,1,0.852,0.852,0.2,0
0.52247,2.055,2.5249,1.1344,-0.29856,0,0.29522,-0.20953,0.79095,1,0.854,0.854,0.2,0
0.52176,2.0524,2.526,1.133,-0.29874,0,0.29467,-0.20981,0.79054,1,0.856,0.856,0.2,0
0.52106,2.0498,2.5272,1.1316,-0.29893,0,0.29412,-0.21008,0.79012,1,0.858,0.858,0.2,0
0.52035,2.0472,2.5284,1.1301,-0.29912,0,0.29357,-0.21036,0.7897,1,0.86,0.86,0.2,0
0.51965,2.0446,2.5296,1.1287,-0.29931,0,0.29302,-0.21063,0.78929,1,0.862,0.862,0.2,0
0.51894,2.0419,2.5308,1.1272,-0.29949,0,0.29247,-0.21091,0.78887,1,0.864,0.864,0.2,0
0.51824,2.0393,2.532,1.1258,-0.2997,0,0.29192,-0.21118,0.78846,1,0.866,0.866,0.2,0
0.51755,2.0368,2.5332,1.1244,-0.29991,0,0.29138,-0.21146,0.78805,1,0.868,0.868,0.2,0
0.51686,2.0342,2.5343,1.123,-0.30013,0,0.29083,-0.21173,0.78765,1,0.87,0.87,0.2,0
0.51617,2.0317,2.5355,1.1216,-0.30035,0,0.29028,-0.212,0.78724,1,0.872,0.872,0.2,0
0.51548,2.0291,2.5366,1.1202,-0.30057,0,0.28973,-0.21228,0.78683,1,0.874,0.874,0.2,0
0.51479,2.0266,2.5378,1.1188,-0.30078,0,0.28919,-0.21255,0.78642,1,0.876,0.876,0.2,0
0.51423,2.0245,2.5388,1.1176,-0.30094,0,0.28875,-0.21277,0.78609,1,0.878,0.878,0.2,0
0.51371,2.0226,2.5396,1.1166,-0.30107,0,0.28835,-0.21297,0.78579,1,0.88,0.88,0.2,0
0.5132,2.0207,2.5405,1.1155,-0.30121,0,0.28796,-0.21316,0.78548,1,0.882,0.882,0.2,0
0.51268,2.0187,2.5414,1.1144,-0.30134,0,0.28756,-0.21336,0.78517,1,0.884,0.884,0.2,0
0.51217,2.0168,2.5423,1.1134,-0.30148,0,0.28716,-0.21356,0.78487,1,0.886,0.886,0.2,0
0.51165,2.0149,2.5432,1.1123,-0.30161,0,0.28677,-0.21376,0.78456,1,0.888,0.888,0.2,0
0.51114,2.013,2.5441,1.1112,-0.30175,0,0.28637,-0.21396,0.78425,1,0.89,0.89,0.2,0
0.51062,2.0111,2.545,1.1102,-0.30188,0,0.28597,-0.21416,0.78395,1,0.892,0.892,0.2,0
0.51011,2.0092,2.5459,1.1091,-0.30201,0,0.28558,-0.21435,0.78364,1,0.894,0.894,0.2,0
0.50957,2.0072,2.5468,1.108,-0.30216,0,0.28516,-0.21456,0.78332,1,0.896,0.896,0.2,0
0.50901,2.0051,2.5478,1.1069,-0.30233,0,0.28472,-0.21478,0.78298,1,0.898,0.898,0.2,0
0.50845,2.003,2.5488,1.1057,-0.3025,0,0.28428,-0.215,0.78264,1,0.9,0.9,0.2,0
0.50789,2.001,2.5498,1.1046,-0.30267,0,0.28384,-0.21522,0.78229,1,0.902,0.902,0.2,0
0.50733,1.9989,2.5508,1.1034,-0.30284,0,0.2834,-0.21544,0.78195,1,0.904,0.904,0.2,0
0.50677,1.9968,2.5518,1.1023,-0.30301,0,0.28296,-0.21566,0.78161,1,0.906,0.906,0.2,0
0.50632,1.9952,2.5526,1.1013,-0.30313,0,0.28262,-0.21583,0.78134,1,0.908,0.908,0.2,0
0.50589,1.9936,2.5533,1.1004,-0.30325,0,0.28228,-0.216,0.78108,1,0.91,0.91,0.2,0
0.50545,1.9919,2.5541,1.0996,-0.30337,0,0.28195,-0.21617,0.78082,1,0.912,0.912,0.2,0
0.50502,1.9903,2.5549,1.0987,-0.30349,0,0.28161,-0.21634,0.78056,1,0.914,0.914,0.2,0
0.50459,1.9887,2.5556,1.0978,-0.30361,0,0.28128,-0.21651,0.7803,1,0.916,0.916,0.2,0
0.50415,1.9871,2.5564,1.0969,-0.30373,0,0.28094,-0.21667,0.78004,1,0.918,0.918,0.2,0
0.50372,1.9855,2.5571,1.096,-0.30386,0,0.2806,-0.21684,0.77978,1,0.92,0.92,0.2,0
0.50329,1.9839,2.5579,1.0951,-0.30398,0,0.28027,-0.21701,0.77952,1,0.922,0.922,0.2,0
0.50285,1.9823,2.5586,1.0942,-0.3041,0,0.27993,-0.21718,0.77926,1,0.924,0.924,0.2,0
0.50242,1.9807,2.5594,1.0933,-0.30422,0,0.2796,-0.21734,0.779,1,0.926,0.926,0.2,0
0.50199,1.9791,2.5601,1.0924,-0.30434,0,0.27926,-0.21751,0.77874,1,0.928,0.928,0.2,0
0.50156,1.9775,2.5609,1.0915,-0.30446,0,0.27893,-0.21768,0.77848,1,0.93,0.93,0.2,0
0.50112,1.9759,2.5617,1.0906,-0.30458,0,0.27859,-0.21785,0.77822,1,0.932,0.932,0.2,0
0.50064,1.9741,2.5625,1.0896,-0.30471,0,0.27822,-0.21803,0.77793,1,0.934,0.934,0.2,0
0.50015,1.9723,2.5634,1.0886,-0.30485,0,0.27784,-0.21822,0.77762,1,0.936,0.936,0.2,0
0.49958,1.9702,2.5644,1.0875,-0.30502,0,0.27739,-0.21845,0.77727,1,0.938,0.938,0.2,0
0.49909,1.9684,2.5653,1.0865,-0.30516,0,0.27701,-0.21864,0.77698,1,0.94,0.94,0.2,0
0.49864,1.9667,2.5661,1.0855,-0.3053,0,0.27665,-0.21882,0.77671,1,0.942,0.942,0.2,0
0.49824,1.9652,2.5668,1.0847,-0.30541,0,0.27634,-0.21897,0.77647,1,0.944,0.944,0.2,0
0.49789,1.9639,2.5674,1.084,-0.3055,0,0.27607,-0.21911,0.77625,1,0.946,0.946,0.2,0
0.49754,1.9626,2.568,1.0833,-0.30558,0,0.2758,-0.21924,0.77604,1,0.948,0.948,0.2,0
0.49719,1.9613,2.5687,1.0825,-0.30567,0,0.27553,-0.21938,0.77582,1,0.95,0.95,0.2,0
0.49684,1.96,2.5693,1.0818,-0.30576,0,0.27526,-0.21951,0.77561,1,0.952,0.952,0.2,0
0.49649,1.9587,2.5699,1.0811,-0.30585,0,0.27499,-0.21965,0.77539,1,0.954,0.954,0.2,0
0.49614,1.9574,2.5706,1.0804,-0.30594,0,0.27473,-0.21978,0.77517,1,0.956,0.956,0.2,0
0.49579,1.9561,2.5712,1.0796,-0.30603,0,0.27446,-0.21991,0.77496,1,0.958,0.958,0.2,0
0.49544,1.9548,2.5718,1.0789,-0.30611,0,0.27419,-0.22005,0.77474,1,0.96,0.96,0.2,0
0.49509,1.9535,2.5725,1.0782,-0.3062,0,0.27392,-0.22018,0.77453,1,0.962,0.962,0.2,0
0.49474,1.9522,2.5731,1.0775,-0.30629,0,0.27365,-0.22032,0.77431,1,0.964,0.964,0.2,0
0.49439,1.9509,2.5737,1.0767,-0.30638,0,0.27338,-0.22045,0.7741,1,0.966,0.966,0.2,0
0.49404,1.9496,2.5744,1.076,-0.30647,0,0.27311,-0.22059,0.77388,1,0.968,0.968,0.2,0
0.49369,1.9483,2.575,1.0753,-0.30655,0,0.27284,-0.22072,0.77367,1,0.97,0.97,0.2,0
0.49334,1.947,2.5756,1.0746,-0.30664,0,0.27257,-0.22086,0.77345,1,0.972,0.972,0.2,0
0.49299,1.9457,2.5763,1.0738,-0.30673,0,0.2723,-0.22099,0.77323,1,0.974,0.974,0.2,0
0.49264,1.9444,2.5769,1.0731,-0.30682,0,0.27203,-0.22113,0.77302,1,0.976,0.976,0.2,0
0.49227,1.943,2.5776,1.0723,-0.30691,0,0.27175,-0.22127,0.77279,1,0.978,0.978,0.2,0
0.49187,1.9416,2.5783,1.0715,-0.30701,0,0.27143,-0.22143,0.77253,1,0.98,0.98,0.2,0
0.49149,1.9401,2.579,1.0707,-0.30711,0,0.27114,-0.22157,0.7723,1,0.982,0.982,0.2,0
0.49113,1.9388,2.5797,1.07,-0.30721,0,0.27086,-0.22172,0.77208,1,0.984,0.984,0.2,0
0.49076,1.9374,2.5803,1.0692,-0.30731,0,0.27057,-0.22186,0.77185,1,0.986,0.986,0.2,0
0.4905,1.9365,2.5808,1.0687,-0.30737,0,0.27037,-0.22196,0.77168,1,0.988,0.988,0.2,0
0.49025,1.9355,2.5813,1.0682,-0.30743,0,0.27017,-0.22206,0.77153,1,0.99,0.99,0.2,0
0.49,1.9346,2.5818,1.0677,-0.30749,0,0.26998,-0.22215,0.77137,1,0.992,0.992,0.2,0
0.48975,1.9337,2.5822,1.0671,-0.30755,0,0.26979,-0.22225,0.77121,1,0.994,0.994,0.2,0
0.4895,1.9328,2.5827,1.0666,-0.30761,0,0.2696,-0.22234,0.77105,1,0.996,0.996,0.2,0
0.48925,1.9318,2.5832,1.0661,-0.30767,0,0.26941,-0.22244,0.7709,1,0.998,0.998,0.2,0
0.489,1.9309,2.5836,1.0656,-0.30773,0,0.26922,-0.22253,0.77074,1,1,1,0.2,0
0.48875,1.93,2.5841,1.0651,-0.30779,0,0.26902,-0.22263,0.77058,1,1.002,1.002,0.2,0
0.4885,1.9291,2.5846,1.0646,-0.30785,0,0.26883,-0.22273,0.77043,1,1.004,1.004,0.2,0
0.48826,1.9281,2.585,1.064,-0.30791,0,0.26864,-0.22282,0.77027,1,1.006,1.006,0.2,0
0.48801,1.9272,2.5855,1.0635,-0.30797,0,0.26845,-0.22292,0.77011,1,1.008,1.008,0.2,0
0.48776,1.9263,2.586,1.063,-0.30803,0,0.26826,-0.22301,0.76995,1,1.01,1.01,0.2,0
0.48751,1.9254,2.5864,1.0625,-0.30809,0,0.26807,-0.22311,0.7698,1,1.012,1.012,0.2,0
0.48726,1.9244,2.5869,1.062,-0.30815,0,0.26788,-0.2232,0.76964,1,1.014,1.014,0.2,0
0.48701,1.9235,2.5874,1.0615,-0.30821,0,0.26768,-0.2233,0.76948,1,1.016,1.016,0.2,0
0.48676,1.9226,2.5878,1.061,-0.30827,0,0.26749,-0.2234,0.76932,1,1.018,1.018,0.2,0
0.48651,1.9217,2.5883,1.0604,-0.30833,0,0.2673,-0.22349,0.76917,1,1.02,1.02,0.2,0
0.48626,1.9208,2.5888,1.0599,-0.30839,0,0.26711,-0.22359,0.76901,1,1.022,1.022,0.2,0
0.48602,1.9198,2.5892,1.0594,-0.30845,0,0.26692,-0.22368,0.76885,1,1.024,1.024,0.2,0
0.48573,1.9188,2.5898,1.0588,-0.30852,0,0.2667,-0.22379,0.76867,1,1.026,1.026,0.2,0
0.48544,1.9177,2.5903,1.0582,-0.30859,0,0.26647,-0.22391,0.76848,1,1.028,1.028,0.2,0
0.48514,1.9166,2.5909,1.0576,-0.30866,0,0.26624,-0.22402,0.76829,1,1.03,1.03,0.2,0
0.48491,1.9157,2.5913,1.0571,-0.30872,0,0.26606,-0.22411,0.76815,1,1.032,1.032,0.2,0
0.48476,1.9152,2.5916,1.0568,-0.30875,0,0.26595,-0.22417,0.76806,1,1.034,1.034,0.2,0
0.48461,1.9146,2.5919,1.0565,-0.30879,0,0.26583,-0.22423,0.76796,1,1.036,1.036,0.2,0
0.48446,1.914,2.5921,1.0562,-0.30882,0,0.26572,-0.22428,0.76787,1,1.038,1.038,0.2,0
0.4843,1.9135,2.5924,1.0559,-0.30885,0,0.2656,-0.22434,0.76778,1,1.04,1.04,0.2,0
0.48415,1.9129,2.5927,1.0555,-0.30889,0,0.26549,-0.2244,0.76769,1,1.042,1.042,0.2,0
0.484,1.9123,2.593,1.0552,-0.30892,0,0.26537,-0.22446,0.76759,1,1.044,1.044,0.2,0
0.48385,1.9118,2.5932,1.0549,-0.30895,0,0.26526,-0.22451,0.7675,1,1.046,1.046,0.2,0
0.4837,1.9112,2.5935,1.0546,-0.30899,0,0.26514,-0.22457,0.76741,1,1.048,1.048,0.2,0
0.48355,1.9107,2.5938,1.0543,-0.30902,0,0.26503,-0.22463,0.76731,1,1.05,1.05,0.2,0
0.4834,1.9101,2.5941,1.054,-0.30905,0,0.26491,-0.22469,0.76722,1,1.052,1.052,0.2,0
0.48325,1.9095,2.5943,1.0537,-0.30909,0,0.2648,-0.22474,0.76713,1,1.054,1.054,0.2,0
0.48309,1.909,2.5946,1.0533,-0.30912,0,0.26468,-0.2248,0.76704,1,1.056,1.056,0.2,0
0.48294,1.9084,2.5949,1.053,-0.30915,0,0.26457,-0.22486,0.76694,1,1.058,1.058,0.2,0
0.48279,1.9078,2.5952,1.0527,-0.30919,0,0.26445,-0.22492,0.76685,1,1.06,1.06,0.2,0
0.48264,1.9073,2.5955,1.0524,-0.30922,0,0.26434,-0.22497,0.76676,1,1.062,1.062,0.2,0
0.48249,1.9067,2.5957,1.0521,-0.30925,0,0.26422,-0.22503,0.76666,1,1.064,1.064,0.2,0
0.48234,1.9062,2.596,1.0518,-0.30929,0,0.26411,-0.22509,0.76657,1,1.066,1.066,0.2,0
0.48219,1.9056,2.5963,1.0515,-0.30932,0,0.26399,-0.22515,0.76648,1,1.068,1.068,0.2,0
0.48204,1.905,2.5966,1.0511,-0.30935,0,0.26388,-0.2252,0.76638,1,1.07,1.07,0.2,0
0.48189,1.9045,2.5968,1.0508,-0.30939,0,0.26376,-0.22526,0.76629,1,1.072,1.072,0.2,0
0.48173,1.9039,2.5971,1.0505,-0.30942,0,0.26365,-0.22532,0.7662,1,1.074,1.074,0.2,0
0.48158,1.9034,2.5974,1.0502,-0.30946,0,0.26354,-0.22538,0.76611,1,1.076,1.076,0.2,0
0.48143,1.9028,2.5977,1.0499,-0.30949,0,0.26342,-0.22543,0.76601,1,1.078,1.078,0.2,0
0.48128,1.9022,2.598,1.0496,-0.30952,0,0.26331,-0.22549,0.76592,1,1.08,1.08,0.2,0
0.48113,1.9017,2.5982,1.0492,-0.30956,0,0.26319,-0.22555,0.76583,1,1.082,1.082,0.2,0
0.48095,1.901,2.5986,1.0489,-0.3096,0,0.26305,-0.22562,0.76572,1,1.084,1.084,0.2,0
0.48073,1.9002,2.599,1.0484,-0.30965,0,0.26288,-0.2257,0.76557,1,1.086,1.086,0.2,0
0.48056,1.8996,2.5993,1.0481,-0.30969,0,0.26275,-0.22577,0.76547,1,1.088,1.088,0.2,0
0.48045,1.8991,2.5995,1.0478,-0.30971,0,0.26267,-0.22581,0.7654,1,1.09,1.09,0.2,0
0.48038,1.8989,2.5996,1.0477,-0.30972,0,0.26261,-0.22584,0.76535,1,1.092,1.092,0.2,0
0.48031,1.8986,2.5998,1.0476,-0.30973,0,0.26256,-0.22586,0.76531,1,1.094,1.094,0.2,0
0.48024,1.8984,2.5999,1.0474,-0.30975,0,0.26251,-0.22589,0.76527,1,1.096,1.096,0.2,0
0.48018,1.8981,2.6,1.0473,-0.30976,0,0.26246,-0.22591,0.76522,1,1.098,1.098,0.2,0
0.48011,1.8979,2.6002,1.0471,-0.30977,0,0.26241,-0.22594,0.76518,1,1.1,1.1,0.2,0
0.48004,1.8976,2.6003,1.047,-0.30978,0,0.26235,-0.22597,0.76514,1,1.102,1.102,0.2,0
0.47997,1.8974,2.6004,1.0469,-0.3098,0,0.2623,-0.22599,0.76509,1,1.104,1.104,0.2,0
0.4799,1.8971,2.6006,1.0467,-0.30981,0,0.26225,-0.22602,0.76505,1,1.106,1.106,0.2,0
0.47984,1.8969,2.6007,1.0466,-0.30982,0,0.2622,-0.22604,0.765,1,1.108,1.108,0.2,0
0.47977,1.8966,2.6008,1.0464,-0.30984,0,0.26215,-0.22607,0.76496,1,1.11,1.11,0.2,0
0.4797,1.8964,2.601,1.0463,-0.30985,0,0.2621,-0.22609,0.76492,1,1.112,1.112,0.2,0
0.47963,1.8961,2.6011,1.0462,-0.30986,0,0.26204,-0.22612,0.76487,1,1.114,1.114,0.2,0
0.47957,1.8959,2.6012,1.046,-0.30987,0,0.26199,-0.22615,0.76483,1,1.116,1.116,0.2,0
0.4795,1.8956,2.6014,1.0459,-0.30989,0,0.26194,-0.22617,0.76479,1,1.118,1.118,0.2,0
0.47943,1.8954,2.6015,1.0457,-0.3099,0,0.26189,-0.2262,0.76474,1,1.12,1.12,0.2,0
0.47936,1.8951,2.6016,1.0456,-0.30991,0,0.26184,-0.22622,0.7647,1,1.122,1.122,0.2,0
0.4793,1.8949,2.6017,1.0455,-0.30992,0,0.26179,-0.22625,0.76466,1,1.124,1.124,0.2,0
0.47923,1.8946,2.6019,1.0453,-0.30994,0,0.26173,-0.22628,0.76461,1,1.126,1.126,0.2,0
0.47916,1.8944,2.602,1.0452,-0.30995,0,0.26168,-0.2263,0.76457,1,1.128,1.128,0.2,0
0.47909,1.8941,2.6021,1.0451,-0.30996,0,0.26163,-0.22633,0.76453,1,1.13,1.13,0.2,0
0.47903,1.8939,2.6023,1.0449,-0.30997,0,0.26158,-0.22635,0.76448,1,1.132,1.132,0.2,0
0.47896,1.8936,2.6024,1.0448,-0.30999,0,0.26153,-0.22638,0.76444,1,1.134,1.134,0.2,0
0.47889,1.8934,2.6025,1.0446,-0.31,0,0.26147,-0.22641,0.76439,1,1.136,1.136,0.2,0
0.47882,1.8931,2.6027,1.0445,-0.31001,0,0.26142,-0.22643,0.76435,1,1.138,1.138,0.2,0
0.47876,1.8929,2.6028,1.0444,-0.31002,0,0.26137,-0.22646,0.76431,1,1.14,1.14,0.2,0
0.47869,1.8926,2.6029,1.0442,-0.31004,0,0.26132,-0.22648,0.76426,1,1.142,1.142,0.2,0
0.47862,1.8924,2.6031,1.0441,-0.31005,0,0.26127,-0.22651,0.76422,1,1.144,1.144,0.2,0
0.47855,1.8921,2.6032,1.0439,-0.31006,0,0.26122,-0.22654,0.76418,1,1.146,1.146,0.2,0
0.47848,1.8919,2.6033,1.0438,-0.31008,0,0.26116,-0.22656,0.76413,1,1.148,1.148,0.2,0
0.47837,1.8915,2.6035,1.0436,-0.3101,0,0.26108,-0.2266,0.76406,1,1.15,1.15,0.2,0
0.47827,1.8911,2.6037,1.0433,-0.31012,0,0.261,-0.22664,0.76399,1,1.152,1.152,0.2,0
0.47816,1.8907,2.6039,1.0431,-0.31015,0,0.26092,-0.22669,0.76393,1,1.154,1.154,0.2,0
0.47806,1.8903,2.6041,1.0429,-0.31017,0,0.26083,-0.22673,0.76386,1,1.156,1.156,0.2,0
0.47801,1.8901,2.6042,1.0428,-0.31018,0,0.2608,-0.22674,0.76383,1,1.158,1.158,0.2,0
0.47797,1.89,2.6043,1.0427,-0.31019,0,0.26077,-0.22676,0.7638,1,1.16,1.16,0.2,0
0.47793,1.8898,2.6044,1.0427,-0.3102,0,0.26074,-0.22677,0.76378,1,1.162,1.162,0.2,0
0.4779,1.8897,2.6045,1.0426,-0.31021,0,0.26071,-0.22679,0.76375,1,1.164,1.164,0.2,0
0.47786,1.8896,2.6046,1.0425,-0.31021,0,0.26068,-0.2268,0.76372,1,1.166,1.166,0.2,0
0.47782,1.8894,2.6046,1.0424,-0.31022,0,0.26065,-0.22682,0.7637,1,1.168,1.168,0.2,0
0.47778,1.8893,2.6047,1.0423,-0.31023,0,0.26062,-0.22683,0.76367,1,1.17,1.17,0.2,0
0.47774,1.8891,2.6048,1.0423,-0.31024,0,0.26059,-0.22685,0.76364,1,1.172,1.172,0.2,0
0.4777,1.889,2.6049,1.0422,-0.31025,0,0.26056,-0.22686,0.76362,1,1.174,1.174,0.2,0
0.47766,1.8889,2.605,1.0421,-0.31026,0,0.26053,-0.22688,0.76359,1,1.176,1.176,0.2,0
0.47763,1.8887,2.6051,1.042,-0.31027,0,0.2605,-0.22689,0.76356,1,1.178,1.178,0.2,0
0.47759,1.8886,2.6051,1.042,-0.31027,0,0.26047,-0.22691,0.76354,1,1.18,1.18,0.2,0
0.47755,1.8884,2.6052,1.0419,-0.31028,0,0.26044,-0.22692,0.76351,1,1.182,1.182,0.2,0
0.47751,1.8883,2.6053,1.0418,-0.31029,0,0.26041,-0.22694,0.76348,1,1.184,1.184,0.2,0
0.47747,1.8882,2.6054,1.0417,-0.3103,0,0.26038,-0.22695,0.76346,1,1.186,1.186,0.2,0
0.47743,1.888,2.6055,1.0416,-0.31031,0,0.26035,-0.22697,0.76343,1,1.188,1.188,0.2,0
0.47739,1.8879,2.6055,1.0416,-0.31032,0,0.26032,-0.22698,0.76341,1,1.19,1.19,0.2,0
0.47736,1.8877,2.6056,1.0415,-0.31033,0,0.26029,-0.227,0.76338,1,1.192,1.192,0.2,0
0.47732,1.8876,2.6057,1.0414,-0.31034,0,0.26026,-0.22701,0.76335,1,1.194,1.194,0.2,0
0.47728,1.8875,2.6058,1.0413,-0.31034,0,0.26023,-0.22703,0.76333,1,1.196,1.196,0.2,0
0.47724,1.8873,2.6059,1.0412,-0.31035,0,0.2602,-0.22704,0.7633,1,1.198,1.198,0.2,0
0.4772,1.8872,2.6059,1.0412,-0.31036,0,0.26017,-0.22706,0.76327,1,1.2,1.2,0.2,0
0.47716,1.887,2.606,1.0411,-0.31037,0,0.26014,-0.22707,0.76325,1,1.202,1.202,0.2,0
0.47712,1.8869,2.6061,1.041,-0.31038,0,0.26011,-0.22709,0.76322,1,1.204,1.204,0.2,0
0.47709,1.8867,2.6062,1.0409,-0.31039,0,0.26008,-0.2271,0.76319,1,1.206,1.206,0.2,0
0.47705,1.8866,2.6063,1.0409,-0.3104,0,0.26005,-0.22712,0.76317,1,1.208,1.208,0.2,0
0.47701,1.8865,2.6064,1.0408,-0.31041,0,0.26002,-0.22713,0.76314,1,1.21,1.21,0.2,0
0.47697,1.8863,2.6064,1.0407,-0.31041,0,0.25999,-0.22715,0.76312,1,1.212,1.212,0.2,0
0.47696,1.8863,2.6065,1.0407,-0.31042,0,0.25998,-0.22715,0.76311,1,1.214,1.214,0.2,0
0.47695,1.8863,2.6065,1.0407,-0.31042,0,0.25997,-0.22716,0.7631,1,1.216,1.216,0.2,0
0.47694,1.8862,2.6065,1.0406,-0.31042,0,0.25996,-0.22716,0.76309,1,1.218,1.218,0.2,0
0.47693,1.8862,2.6065,1.0406,-0.31043,0,0.25995,-0.22717,0.76308,1,1.22,1.22,0.2,0
0.47691,1.8861,2.6066,1.0406,-0.31043,0,0.25994,-0.22717,0.76307,1,1.222,1.222,0.2,0
0.4769,1.8861,2.6066,1.0406,-0.31043,0,0.25993,-0.22718,0.76306,1,1.224,1.224,0.2,0
0.47689,1.8861,2.6066,1.0405,-0.31044,0,0.25992,-0.22718,0.76306,1,1.226,1.226,0.2,0
0.47688,1.886,2.6067,1.0405,-0.31044,0,0.25992,-0.22719,0.76305,1,1.228,1.228,0.2,0
0.47687,1.886,2.6067,1.0405,-0.31044,0,0.25991,-0.22719,0.76304,1,1.23,1.23,0.2,0
0.47686,1.8859,2.6067,1.0405,-0.31045,0,0.2599,-0.22719,0.76303,1,1.232,1.232,0.2,0
0.47684,1.8859,2.6067,1.0405,-0.31045,0,0.25989,-0.2272,0.76302,1,1.234,1.234,0.2,0
0.47683,1.8858,2.6068,1.0404,-0.31046,0,0.25988,-0.2272,0.76301,1,1.236,1.236,0.2,0
0.47682,1.8858,2.6068,1.0404,-0.31046,0,0.25987,-0.22721,0.763,1,1.238,1.238,0.2,0
0.47681,1.8858,2.6068,1.0404,-0.31046,0,0.25986,-0.22721,0.76299,1,1.24,1.24,0.2,0
0.4768,1.8857,2.6069,1.0404,-0.31047,0,0.25985,-0.22722,0.76299,1,1.242,1.242,0.2,0
0.47678,1.8857,2.6069,1.0403,-0.31047,0,0.25984,-0.22722,0.76298,1,1.244,1.244,0.2,0
0.47677,1.8856,2.6069,1.0403,-0.31047,0,0.25983,-0.22723,0.76297,1,1.246,1.246,0.2,0
0.47676,1.8856,2.6069,1.0403,-0.31048,0,0.25982,-0.22723,0.76296,1,1.248,1.248,0.2,0
0.47675,1.8856,2.607,1.0403,-0.31048,0,0.25981,-0.22724,0.76295,1,1.25,1.25,0.2,0
0.47674,1.8855,2.607,1.0402,-0.31048,0,0.2598,-0.22724,0.76294,1,1.252,1.252,0.2,0
0.47673,1.8855,2.607,1.0402,-0.31049,0,0.25979,-0.22725,0.76293,1,1.254,1.254,0.2,0
0.47671,1.8854,2.6071,1.0402,-0.31049,0,0.25978,-0.22725,0.76292,1,1.256,1.256,0.2,0
0.4767,1.8854,2.6071,1.0402,-0.31049,0,0.25977,-0.22726,0.76292,1,1.258,1.258,0.2,0
0.47669,1.8854,2.6071,1.0402,-0.3105,0,0.25977,-0.22726,0.76291,1,1.26,1.26,0.2,0
0.47668,1.8853,2.6071,1.0401,-0.3105,0,0.25976,-0.22727,0.7629,1,1.262,1.262,0.2,0
0.47667,1.8853,2.6072,1.0401,-0.31051,0,0.25975,-0.22727,0.76289,1,1.264,1.264,0.2,0
0.47666,1.8852,2.6072,1.0401,-0.31051,0,0.25974,-0.22727,0.76288,1,1.266,1.266,0.2,0
0.47664,1.8852,2.6072,1.0401,-0.31051,0,0.25973,-0.22728,0.76287,1,1.268,1.268,0.2,0
0.47663,1.8852,2.6073,1.04,-0.31052,0,0.25972,-0.22728,0.76286,1,1.27,1.27,0.2,0
0.47662,1.8851,2.6073,1.04,-0.31052,0,0.25971,-0.22729,0.76285,1,1.272,1.272,0.2,0
0.47661,1.8851,2.6073,1.04,-0.31052,0,0.2597,-0.22729,0.76285,1,1.274,1.274,0.2,0
0.4766,1.8851,2.6073,1.04,-0.31052,0,0.25969,-0.2273,0.76284,1,1.276,1.276,0.2,0
0.47659,1.885,2.6074,1.04,-0.31052,0,0.25969,-0.2273,0.76284,1,1.278,1.278,0.2,0
0.47658,1.885,2.6074,1.0399,-0.31053,0,0.25968,-0.2273,0.76283,1,1.28,1.28,0.2,0
0.47658,1.885,2.6074,1.0399,-0.31053,0,0.25967,-0.22731,0.76283,1,1.282,1.282,0.2,0
0.47657,1.8849,2.6074,1.0399,-0.31053,0,0.25967,-0.22731,0.76282,1,1.284,1.284,0.2,0
0.47656,1.8849,2.6074,1.0399,-0.31053,0,0.25966,-0.22731,0.76281,1,1.286,1.286,0.2,0
0.47655,1.8849,2.6075,1.0399,-0.31053,0,0.25965,-0.22732,0.76281,1,1.288,1.288,0.2,0
0.47654,1.8849,2.6075,1.0399,-0.31053,0,0.25965,-0.22732,0.7628,1,1.29,1.29,0.2,0
0.47653,1.8848,2.6075,1.0398,-0.31053,0,0.25964,-0.22732,0.7628,1,1.292,1.292,0.2,0
0.47652,1.8848,2.6075,1.0398,-0.31054,0,0.25963,-0.22733,0.76279,1,1.294,1.294,0.2,0
0.47651,1.8848,2.6075,1.0398,-0.31054,0,0.25963,-0.22733,0.76279,1,1.296,1.296,0.2,0
0.4765,1.8847,2.6076,1.0398,-0.31054,0,0.25962,-0.22733,0.76278,1,1.298,1.298,0.2,0
0.4765,1.8847,2.6076,1.0398,-0.31054,0,0.25961,-0.22734,0.76277,1,1.3,1.3,0.2,0
0.47649,1.8847,2.6076,1.0398,-0.31054,0,0.25961,-0.22734,0.76277,1,1.302,1.302,0.2,0
0.47648,1.8846,2.6076,1.0397,-0.31055,0,0.2596,-0.22734,0.76276,1,1.304,1.304,0.2,0
0.47647,1.8846,2.6076,1.0397,-0.31055,0,0.25959,-0.22735,0.76276,1,1.306,1.306,0.2,0
0.47646,1.8846,2.6077,1.0397,-0.31055,0,0.25959,-0.22735,0.76275,1,1.308,1.308,0.2,0
0.47645,1.8846,2.6077,1.0397,-0.31055,0,0.25958,-0.22735,0.76275,1,1.31,1.31,0.2,0
0.47644,1.8845,2.6077,1.0397,-0.31056,0,0.25957,-0.22736,0.76274,1,1.312,1.312,0.2,0
0.47643,1.8845,2.6077,1.0397,-0.31056,0,0.25957,-0.22736,0.76273,1,1.314,1.314,0.2,0
0.47642,1.8845,2.6078,1.0396,-0.31056,0,0.25956,-0.22736,0.76273,1,1.316,1.316,0.2,0
0.47642,1.8844,2.6078,1.0396,-0.31056,0,0.25955,-0.22737,0.76272,1,1.318,1.318,0.2,0
0.47641,1.8844,2.6078,1.0396,-0.31057,0,0.25954,-0.22737,0.76272,1,1.32,1.32,0.2,0
0.4764,1.8844,2.6078,1.0396,-0.31057,0,0.25954,-0.22737,0.76271,1,1.322,1.322,0.2,0
0.47639,1.8843,2.6078,1.0396,-0.31057,0,0.25953,-0.22738,0.7627,1,1.324,1.324,0.2,0
0.47638,1.8843,2.6079,1.0396,-0.31057,0,0.25952,-0.22738,0.7627,1,1.326,1.326,0.2,0
0.47637,1.8843,2.6079,1.0395,-0.31057,0,0.25952,-0.22738,0.76269,1,1.328,1.328,0.2,0
0.47636,1.8843,2.6079,1.0395,-0.31058,0,0.25951,-0.22739,0.76269,1,1.33,1.33,0.2,0
0.47635,1.8842,2.6079,1.0395,-0.31058,0,0.2595,-0.22739,0.76268,1,1.332,1.332,0.2,0
0.47634,1.8842,2.6079,1.0395,-0.31058,0,0.2595,-0.22739,0.76268,1,1.334,1.334,0.2,0
0.47634,1.8842,2.608,1.0395,-0.31058,0,0.25949,-0.2274,0.76267,1,1.336,1.336,0.2,0
0.47633,1.8841,2.608,1.0395,-0.31059,0,0.25948,-0.2274,0.76266,1,1.338,1.338,0.2,0
0.47632,1.8841,2.608,1.0394,-0.31059,0,0.25948,-0.2274,0.76266,1,1.34,1.34,0.2,0
0.47631,1.8841,2.608,1.0394,-0.31059,0,0.25947,-0.22741,0.76265,1,1.342,1.342,0.2,0
0.4763,1.884,2.608,1.0394,-0.31059,0,0.25946,-0.22741,0.76265,1,1.344,1.344,0.2,0
0.47629,1.884,2.6081,1.0394,-0.3106,0,0.25946,-0.22741,0.76264,1,1.346,1.346,0.2,0
0.47628,1.884,2.6081,1.0394,-0.3106,0,0.25945,-0.22742,0.76263,1,1.348,1.348,0.2,0
0.47627,1.884,2.6081,1.0394,-0.3106,0,0.25944,-0.22742,0.76263,1,1.35,1.35,0.2,0
0.47626,1.8839,2.6081,1.0393,-0.3106,0,0.25944,-0.22743,0.76262,1,1.352,1.352,0.2,0
0.47625,1.8839,2.6081,1.0393,-0.31061,0,0.25943,-0.22743,0.76262,1,1.354,1.354,0.2,0
0.47625,1.8839,2.6082,1.0393,-0.31061,0,0.25942,-0.22743,0.76261,1,1.356,1.356,0.2,0
0.47624,1.8838,2.6082,1.0393,-0.31061,0,0.25941,-0.22744,0.7626,1,1.358,1.358,0.2,0
0.47623,1.8838,2.6082,1.0393,-0.31061,0,0.25941,-0.22744,0.7626,1,1.36,1.36,0.2,0
0.47622,1.8838,2.6082,1.0392,-0.31061,0,0.2594,-0.22744,0.76259,1,1.362,1.362,0.2,0
0.47621,1.8837,2.6083,1.0392,-0.31062,0,0.25939,-0.22745,0.76259,1,1.364,1.364,0.2,0
0.4762,1.8837,2.6083,1.0392,-0.31062,0,0.25939,-0.22745,0.76258,1,1.366,1.366,0.2,0
0.47619,1.8837,2.6083,1.0392,-0.31062,0,0.25938,-0.22745,0.76258,1,1.368,1.368,0.2,0
0.47619,1.8837,2.6083,1.0392,-0.31062,0,0.25938,-0.22745,0.76257,1,1.37,1.37,0.2,0
0.47618,1.8836,2.6083,1.0392,-0.31063,0,0.25937,-0.22746,0.76257,1,1.372,1.372,0.2,0
0.47617,1.8836,2.6083,1.0392,-0.31063,0,0.25936,-0.22746,0.76256,1,1.374,1.374,0.2,0
0.47616,1.8836,2.6084,1.0391,-0.31063,0,0.25936,-0.22746,0.76256,1,1.376,1.376,0.2,0
0.47616,1.8836,2.6084,1.0391,-0.31063,0,0.25935,-0.22747,0.76255,1,1.378,1.378,0.2,0
0.47615,1.8835,2.6084,1.0391,-0.31064,0,0.25935,-0.22747,0.76255,1,1.38,1.38,0.2,0
0.47614,1.8835,2.6084,1.0391,-0.31064,0,0.25934,-0.22747,0.76255,1,1.382,1.382,0.2,0
0.47613,1.8835,2.6084,1.0391,-0.31064,0,0.25934,-0.22747,0.76254,1,1.384,1.384,0.2,0
0.47612,1.8834,2.6084,1.0391,-0.31064,0,0.25933,-0.22748,0.76254,1,1.386,1.386,0.2,0
0.47612,1.8834,2.6084,1.039,-0.31065,0,0.25932,-0.22748,0.76253,1,1.388,1.388,0.2,0
0.47611,1.8834,2.6085,1.039,-0.31065,0,0.25932,-0.22748,0.76253,1,1.39,1.39,0.2,0
0.4761,1.8834,2.6085,1.039,-0.31065,0,0.25931,-0.22749,0.76252,1,1.392,1.392,0.2,0
0.47609,1.8833,2.6085,1.039,-0.31065,0,0.25931,-0.22749,0.76252,1,1.394,1.394,0.2,0
0.47609,1.8833,2.6085,1.039,-0.31065,0,0.2593,-0.22749,0.76251,1,1.396,1.396,0.2,0
0.47608,1.8833,2.6085,1.039,-0.31066,0,0.2593,-0.22749,0.76251,1,1.398,1.398,0.2,0
0.47607,1.8833,2.6085,1.0389,-0.31066,0,0.25929,-0.2275,0.76251,1,1.4,1.4,0.2,0
0.47606,1.8832,2.6086,1.0389,-0.31066,0,0.25928,-0.2275,0.7625,1,1.402,1.402,0.2,0
0.47605,1.8832,2.6086,1.0389,-0.31066,0,0.25928,-0.2275,0.7625,1,1.404,1.404,0.2,0
0.47605,1.8832,2.6086,1.0389,-0.31067,0,0.25927,-0.22751,0.76249,1,1.406,1.406,0.2,0
0.47604,1.8832,2.6086,1.0389,-0.31067,0,0.25927,-0.22751,0.76249,1,1.408,1.408,0.2,0
0.47603,1.8831,2.6086,1.0389,-0.31067,0,0.25926,-0.22751,0.76248,1,1.41,1.41,0.2,0
0.47602,1.8831,2.6086,1.0389,-0.31067,0,0.25926,-0.22751,0.76248,1,1.412,1.412,0.2,0
0.47602,1.8831,2.6086,1.0388,-0.31068,0,0.25925,-0.22752,0.76247,1,1.414,1.414,0.2,0
0.47601,1.883,2.6087,1.0388,-0.31068,0,0.25924,-0.22752,0.76247,1,1.416,1.416,0.2,0
0.476,1.883,2.6087,1.0388,-0.31068,0,0.25924,-0.22752,0.76247,1,1.418,1.418,0.2,0
0.47599,1.883,2.6087,1.0388,-0.31068,0,0.25923,-0.22753,0.76246,1,1.42,1.42,0.2,0
0.47599,1.883,2.6087,1.0388,-0.31068,0,0.25923,-0.22753,0.76246,1,1.422,1.422,0.2,0
0.47598,1.8829,2.6087,1.0388,-0.31069,0,0.25922,-0.22753,0.76245,1,1.424,1.424,0.2,0
0.47597,1.8829,2.6087,1.0387,-0.31069,0,0.25922,-0.22753,0.76245,1,1.426,1.426,0.2,0
0.47596,1.8829,2.6088,1.0387,-0.31069,0,0.25921,-0.22754,0.76244,1,1.428,1.428,0.2,0
0.47596,1.8829,2.6088,1.0387,-0.3107,0,0.25921,-0.22754,0.76244,1,1.43,1.43,0.2,0
0.47595,1.8828,2.6088,1.0387,-0.3107,0,0.2592,-0.22754,0.76243,1,1.432,1.432,0.2,0
0.47594,1.8828,2.6088,1.0387,-0.3107,0,0.2592,-0.22755,0.76243,1,1.434,1.434,0.2,0
0.47594,1.8828,2.6088,1.0387,-0.3107,0,0.25919,-0.22755,0.76242,1,1.436,1.436,0.2,0
0.47593,1.8828,2.6088,1.0387,-0.31071,0,0.25918,-0.22755,0.76242,1,1.438,1.438,0.2,0
0.47592,1.8827,2.6089,1.0387,-0.31071,0,0.25918,-0.22755,0.76241,1,1.44,1.44,0.2,0
0.47592,1.8827,2.6089,1.0386,-0.31071,0,0.25917,-0.22756,0.76241,1,1.442,1.442,0.2,0
0.47591,1.8827,2.6089,1.0386,-0.31072,0,0.25917,-0.22756,0.7624,1,1.444,1.444,0.2,0
0.4759,1.8827,2.6089,1.0386,-0.31072,0,0.25916,-0.22756,0.7624,1,1.446,1.446,0.2,0
0.47589,1.8826,2.6089,1.0386,-0.31072,0,0.25915,-0.22757,0.76239,1,1.448,1.448,0.2,0
0.47588,1.8826,2.6089,1.0386,-0.31072,0,0.25915,-0.22757,0.76239,1,1.45,1.45,0.2,0
0.47587,1.8826,2.6089,1.0385,-0.31073,0,0.25914,-0.22757,0.76238,1,1.452,1.452,0.2,0
0.47586,1.8825,2.609,1.0385,-0.31073,0,0.25914,-0.22758,0.76238,1,1.454,1.454,0.2,0
0.47586,1.8825,2.609,1.0385,-0.31073,0,0.25913,-0.22758,0.76237,1,1.456,1.456,0.2,0
0.47585,1.8825,2.609,1.0385,-0.31074,0,0.25912,-0.22758,0.76237,1,1.458,1.458,0.2,0
0.47584,1.8824,2.609,1.0385,-0.31074,0,0.25912,-0.22758,0.76236,1,1.46,1.46,0.2,0
0.47583,1.8824,2.609,1.0385,-0.31074,0,0.25911,-0.22759,0.76236,1,1.462,1.462,0.2,0
0.47582,1.8824,2.609,1.0384,-0.31075,0,0.2591,-0.22759,0.76235,1,1.464,1.464,0.2,0
0.47581,1.8823,2.6091,1.0384,-0.31075,0,0.2591,-0.2276,0.76234,1,1.466,1.466,0.2,0
0.4758,1.8823,2.6091,1.0384,-0.31075,0,0.25909,-0.2276,0.76234,1,1.468,1.468,0.2,0
0.4758,1.8823,2.6091,1.0384,-0.31076,0,0.25908,-0.2276,0.76233,1,1.47,1.47,0.2,0
0.47579,1.8823,2.6091,1.0384,-0.31076,0,0.25908,-0.22761,0.76233,1,1.472,1.472,0.2,0
0.47578,1.8822,2.6091,1.0383,-0.31076,0,0.25907,-0.22761,0.76232,1,1.474,1.474,0.2,0
0.47578,1.8822,2.6091,1.0383,-0.31076,0,0.25907,-0.22761,0.76232,1,1.476,1.476,0.2,0
nan,nan,nan,nan,nan,nan,nan,nan,nan,0,1.478,1.478,0.2,0
0.47576,1.8821,2.6092,1.0383,-0.31077,0,0.25905,-0.22762,0.76231,1,1.48,1.48,0.2,0
0.47574,1.8821,2.6092,1.0383,-0.31077,0,0.25904,-0.22762,0.7623,1,1.482,1.482,0.2,0
nan,nan,nan,nan,nan,nan,nan,nan,nan,0,1.484,1.484,0.2,0
nan,nan,nan,nan,nan,nan,nan,nan,nan,0,1.486,1.486,0.2,0
nan,nan,nan,nan,nan,nan,nan,nan,nan,0,1.488,1.488,0.2,0
nan,nan,nan,nan,nan,nan,nan,nan,nan,0,1.49,1.49,0.2,0
nan,nan,nan,nan,nan,nan,nan,nan,nan,0,1.492,1.492,0.2,0
nan,nan,nan,nan,nan,nan,nan,nan,nan,0,1.494,1.494,0.2,0
0.4757,1.8819,2.6092,1.0382,-0.31079,0,0.25901,-0.22764,0.76228,1,1.496,1.496,0.2,0
0.47569,1.8819,2.6092,1.0381,-0.31079,0,0.25901,-0.22764,0.76228,1,1.498,1.498,0.2,0
0.47569,1.8818,2.6092,1.0381,-0.31079,0,0.25901,-0.22764,0.76228,1,1.5,1.5,0.2,0
0.4757,1.8818,2.6092,1.0381,-0.31079,0,0.25901,-0.22764,0.76229,1,1.502,1.502,0.2,0
0.47567,1.8818,2.6092,1.0381,-0.31079,0,0.259,-0.22764,0.76228,1,1.504,1.504,0.2,0
0.47565,1.8817,2.6092,1.038,-0.31078,0,0.25898,-0.22765,0.76227,1,1.506,1.506,0.2,0
0.47568,1.8818,2.6091,1.0381,-0.31076,0,0.25901,-0.22764,0.7623,1,1.508,1.508,0.2,0
0.47566,1.8817,2.6092,1.0381,-0.31075,0,0.25899,-0.22765,0.76228,1,1.51,1.51,0.2,0
0.47565,1.8817,2.6092,1.038,-0.31073,0,0.25899,-0.22765,0.76228,1,1.512,1.512,0.2,0
0.47569,1.8817,2.6089,1.0381,-0.3106,0,0.25903,-0.22763,0.76236,1,1.514,1.514,0.2,0
0.47495,1.8788,2.6092,1.0365,-0.31021,0,0.25858,-0.22785,0.76222,1,1.516,1.516,0.2,0
0.47364,1.8737,2.6103,1.0337,-0.30967,0,0.25774,-0.22827,0.76184,1,1.518,1.518,0.2,0
0.4832,1.9051,2.5806,1.0509,-0.3053,0,0.26625,-0.22402,0.77102,1,1.52,1.52,0.2,0
0.49647,1.9489,2.5401,1.0748,-0.29955,0,0.27797,-0.21816,0.78348,1,1.522,1.522,0.2,0
0.56806,2.2012,2.4208,1.1988,-0.25894,0,0.34445,-0.18492,0.82842,1,1.524,1.524,0.2,0
0.72707,2.7659,2.1827,1.4729,-0.16651,0,0.49289,-0.1107,0.92203,1,1.526,1.526,0.2,0
0.90556,3.4102,1.9632,1.772,-0.041148,0,0.66608,-0.024103,1.0184,1,1.528,1.528,0.2,0
0.9686,3.6349,1.885,1.874,0.0080442,0,0.72883,0.0072712,1.0534,1,1.53,1.53,0.2,0
0.9583,3.5951,1.8872,1.8548,0.002007,0,0.72002,0.0028654,1.0519,1,1.532,1.532,0.2,0
nan,nan,nan,nan,nan,nan,nan,nan,nan,0,1.534,1.534,0.2,0
nan,nan,nan,nan,nan,nan,nan,nan,nan,0,1.536,1.536,0.2,0
nan,nan,nan,nan,nan,nan,nan,nan,nan,0,1.538,1.538,0.2,0
nan,nan,nan,nan,nan,nan,nan,nan,nan,0,1.54,1.54,0.2,0
nan,nan,nan,nan,nan,nan,nan,nan,nan,0,1.542,1.542,0.2,0
0.95926,3.5983,1.8858,1.8559,0.0010443,0,0.7212,0.0034591,1.0526,1,1.544,1.544,0.2,0
0.95928,3.5983,1.8857,1.8559,0.00098557,0,0.72121,0.0034646,1.0526,1,1.546,1.546,0.2,0
0.95932,3.5983,1.8858,1.8559,0.00097589,0,0.7212,0.0034585,1.0525,1,1.548,1.548,0.2,0
0.95938,3.5983,1.8857,1.856,0.00095267,0,0.72123,0.0034714,1.0525,1,1.55,1.55,0.2,0
nan,nan,nan,nan,nan,nan,nan,nan,nan,0,1.552,1.552,0.2,0
nan,nan,nan,nan,nan,nan,nan,nan,nan,0,1.554,1.554,0.2,0
nan,nan,nan,nan,nan,nan,nan,nan,nan,0,1.556,1.556,0.2,0
nan,nan,nan,nan,nan,nan,nan,nan,nan,0,1.558,1.558,0.2,0
nan,nan,nan,nan,nan,nan,nan,nan,nan,0,1.56,1.56,0.2,0
nan,nan,nan,nan,nan,nan,nan,nan,nan,0,1.562,1.562,0.2,0
nan,nan,nan,nan,nan,nan,nan,nan,nan,0,1.564,1.564,0.2,0
nan,nan,nan,nan,nan,nan,nan,nan,nan,0,1.566,1.566,0.2,0
0.95943,3.5982,1.8857,1.856,0.00088885,0,0.72122,0.0034694,1.0524,1,1.568,1.568,0.2,0
0.95943,3.5982,1.8857,1.856,0.00088018,0,0.72122,0.0034651,1.0524,1,1.57,1.57,0.2,0
0.95942,3.5981,1.8857,1.8559,0.00087152,0,0.72121,0.0034609,1.0524,1,1.572,1.572,0.2,0
0.95941,3.5981,1.8857,1.8559,0.00086285,0,0.7212,0.0034566,1.0524,1,1.574,1.574,0.2,0
0.9594,3.598,1.8857,1.8559,0.00085419,0,0.72119,0.0034523,1.0524,1,1.576,1.576,0.2,0
0.95939,3.598,1.8857,1.8559,0.00084552,0,0.72118,0.0034481,1.0524,1,1.578,1.578,0.2,0
0.95938,3.5979,1.8857,1.8558,0.00083275,0,0.72117,0.0034432,1.0524,1,1.58,1.58,0.2,0
0.95938,3.5979,1.8857,1.8558,0.00081879,0,0.72116,0.0034392,1.0524,1,1.582,1.582,0.2,0
0.95938,3.5979,1.8857,1.8558,0.00080482,0,0.72116,0.0034352,1.0524,1,1.584,1.584,0.2,0
0.95938,3.5979,1.8857,1.8558,0.00079086,0,0.72115,0.0034311,1.0524,1,1.586,1.586,0.2,0
0.95937,3.5979,1.8857,1.8558,0.00077689,0,0.72114,0.0034271,1.0524,1,1.588,1.588,0.2,0
0.95937,3.5978,1.8857,1.8558,0.00076293,0,0.72113,0.0034231,1.0523,1,1.59,1.59,0.2,0
0.95937,3.5978,1.8857,1.8558,0.00074896,0,0.72112,0.0034191,1.0523,1,1.592,1.592,0.2,0
0.95936,3.5978,1.8858,1.8558,0.000735,0,0.72112,0.0034151,1.0523,1,1.594,1.594,0.2,0
0.95936,3.5978,1.8858,1.8558,0.00072103,0,0.72111,0.0034111,1.0523,1,1.596,1.596,0.2,0
0.95936,3.5978,1.8858,1.8558,0.00070707,0,0.7211,0.003407,1.0523,1,1.598,1.598,0.2,0
0.95935,3.5978,1.8858,1.8558,0.0006931,0,0.72109,0.003403,1.0523,1,1.6,1.6,0.2,0
0.95935,3.5978,1.8858,1.8559,0.00067914,0,0.72108,0.003399,1.0523,1,1.602,1.602,0.2,0
0.95935,3.5978,1.8858,1.8559,0.00066517,0,0.72108,0.003395,1.0523,1,1.604,1.604,0.2,0
0.95934,3.5977,1.8858,1.8559,0.00065121,0,0.72107,0.003391,1.0523,1,1.606,1.606,0.2,0
0.95934,3.5977,1.8858,1.8559,0.00063724,0,0.72106,0.0033869,1.0523,1,1.608,1.608,0.2,0
0.95934,3.5977,1.8859,1.8559,0.00062334,0,0.72105,0.0033829,1.0523,1,1.61,1.61,0.2,0
0.95934,3.5977,1.8859,1.8559,0.00061158,0,0.72104,0.0033788,1.0522,1,1.612,1.612,0.2,0
0.95934,3.5977,1.8859,1.8559,0.00059982,0,0.72104,0.0033746,1.0522,1,1.614,1.614,0.2,0
0.95933,3.5977,1.8859,1.8559,0.00058806,0,0.72103,0.0033705,1.0522,1,1.616,1.616,0.2,0
0.95933,3.5976,1.8859,1.8559,0.0005763,0,0.72102,0.0033663,1.0522,1,1.618,1.618,0.2,0
0.95933,3.5976,1.8859,1.8558,0.00056854,0,0.72101,0.0033637,1.0522,1,1.62,1.62,0.2,0
0.95932,3.5976,1.8859,1.8558,0.00056224,0,0.72101,0.0033617,1.0522,1,1.622,1.622,0.2,0
0.95932,3.5976,1.8859,1.8558,0.00055594,0,0.72101,0.0033597,1.0522,1,1.624,1.624,0.2,0
0.95931,3.5976,1.8859,1.8558,0.00054964,0,0.721,0.0033577,1.0522,1,1.626,1.626,0.2,0
0.9593,3.5975,1.8859,1.8558,0.00054335,0,0.721,0.0033557,1.0522,1,1.628,1.628,0.2,0
0.9593,3.5975,1.8859,1.8558,0.00053705,0,0.72099,0.0033537,1.0522,1,1.63,1.63,0.2,0
0.95929,3.5975,1.8859,1.8558,0.00053075,0,0.72099,0.0033517,1.0522,1,1.632,1.632,0.2,0
0.95928,3.5975,1.8859,1.8558,0.00052445,0,0.72099,0.0033497,1.0522,1,1.634,1.634,0.2,0
0.95928,3.5975,1.8859,1.8558,0.00051815,0,0.72098,0.0033477,1.0522,1,1.636,1.636,0.2,0
0.95927,3.5974,1.8859,1.8557,0.00051186,0,0.72098,0.0033457,1.0522,1,1.638,1.638,0.2,0
0.95927,3.5974,1.8859,1.8557,0.00050556,0,0.72097,0.0033437,1.0522,1,1.64,1.64,0.2,0
0.95926,3.5974,1.8859,1.8557,0.00049758,0,0.72097,0.0033416,1.0522,1,1.642,1.642,0.2,0
0.95926,3.5974,1.8859,1.8557,0.00048824,0,0.72096,0.0033396,1.0522,1,1.644,1.644,0.2,0
0.95926,3.5974,1.8859,1.8557,0.0004789,0,0.72096,0.0033376,1.0522,1,1.646,1.646,0.2,0
0.95926,3.5974,1.8859,1.8557,0.00046956,0,0.72096,0.0033356,1.0522,1,1.648,1.648,0.2,0
0.95927,3.5974,1.8859,1.8557,0.00046022,0,0.72095,0.0033336,1.0522,1,1.65,1.65,0.2,0
0.95927,3.5974,1.8859,1.8557,0.00045088,0,0.72095,0.0033316,1.0522,1,1.652,1.652,0.2,0
0.95927,3.5974,1.886,1.8557,0.00044154,0,0.72094,0.0033295,1.0522,1,1.654,1.654,0.2,0
0.95927,3.5974,1.886,1.8557,0.0004322,0,0.72094,0.0033275,1.0522,1,1.656,1.656,0.2,0
0.95927,3.5973,1.886,1.8557,0.00042286,0,0.72094,0.0033255,1.0522,1,1.658,1.658,0.2,0
0.95927,3.5973,1.886,1.8557,0.00041352,0,0.72093,0.0033235,1.0522,1,1.66,1.66,0.2,0
0.95927,3.5973,1.886,1.8557,0.00040501,0,0.72093,0.003322,1.0522,1,1.662,1.662,0.2,0
0.95928,3.5974,1.886,1.8558,0.00040067,0,0.72093,0.0033234,1.0522,1,1.664,1.664,0.2,0
0.95928,3.5974,1.886,1.8558,0.00039634,0,0.72094,0.0033248,1.0522,1,1.666,1.666,0.2,0
0.95929,3.5974,1.886,1.8558,0.000392,0,0.72094,0.0033261,1.0521,1,1.668,1.668,0.2,0
0.9593,3.5974,1.886,1.8558,0.00038767,0,0.72094,0.0033275,1.0521,1,1.67,1.67,0.2,0
0.9593,3.5974,1.886,1.8558,0.00038282,0,0.72094,0.0033283,1.0521,1,1.672,1.672,0.2,0
0.9593,3.5974,1.886,1.8558,0.00037773,0,0.72094,0.0033288,1.0521,1,1.674,1.674,0.2,0
0.9593,3.5974,1.886,1.8558,0.00037264,0,0.72094,0.0033293,1.0521,1,1.676,1.676,0.2,0
0.9593,3.5974,1.886,1.8558,0.00036755,0,0.72095,0.0033298,1.0521,1,1.678,1.678,0.2,0
0.9593,3.5974,1.886,1.8558,0.00036246,0,0.72095,0.0033304,1.0521,1,1.68,1.68,0.2,0
0.9593,3.5974,1.886,1.8558,0.00035737,0,0.72095,0.0033309,1.0522,1,1.682,1.682,0.2,0
0.9593,3.5974,1.886,1.8558,0.00035228,0,0.72095,0.0033314,1.0522,1,1.684,1.684,0.2,0
0.9593,3.5974,1.886,1.8558,0.00034719,0,0.72095,0.0033319,1.0522,1,1.686,1.686,0.2,0
0.9593,3.5974,1.886,1.8558,0.00034209,0,0.72095,0.0033324,1.0522,1,1.688,1.688,0.2,0
0.9593,3.5974,1.886,1.8558,0.000337,0,0.72095,0.003333,1.0522,1,1.69,1.69,0.2,0
0.9593,3.5974,1.886,1.8558,0.00033163,0,0.72095,0.0033333,1.0522,1,1.692,1.692,0.2,0
0.9593,3.5974,1.886,1.8558,0.0003258,0,0.72095,0.0033335,1.0522,1,1.694,1.694,0.2,0
0.95931,3.5974,1.886,1.8558,0.00031998,0,0.72095,0.0033336,1.0521,1,1.696,1.696,0.2,0
0.95931,3.5974,1.886,1.8558,0.00031416,0,0.72095,0.0033337,1.0521,1,1.698,1.698,0.2,0
0.95932,3.5975,1.886,1.8558,0.00030834,0,0.72095,0.0033339,1.0521,1,1.7,1.7,0.2,0
0.95932,3.5975,1.886,1.8558,0.00030252,0,0.72095,0.003334,1.0521,1,1.702,1.702,0.2,0
0.95932,3.5975,1.886,1.8558,0.0002967,0,0.72095,0.0033341,1.0521,1,1.704,1.704,0.2,0
0.95933,3.5975,1.886,1.8558,0.00029088,0,0.72095,0.0033343,1.0521,1,1.706,1.706,0.2,0
0.95933,3.5975,1.886,1.8558,0.00028505,0,0.72095,0.0033344,1.0521,1,1.708,1.708,0.2,0
0.95933,3.5975,1.886,1.8559,0.00027923,0,0.72095,0.0033345,1.0521,1,1.71,1.71,0.2,0
0.95934,3.5975,1.886,1.8559,0.00027341,0,0.72096,0.0033347,1.0521,1,1.712,1.712,0.2,0
0.95934,3.5975,1.886,1.8559,0.00026759,0,0.72096,0.0033348,1.0521,1,1.714,1.714,0.2,0
0.95934,3.5975,1.886,1.8559,0.00026177,0,0.72096,0.0033349,1.0521,1,1.716,1.716,0.2,0
0.95935,3.5975,1.886,1.8559,0.00025595,0,0.72096,0.0033351,1.0521,1,1.718,1.718,0.2,0
0.95935,3.5975,1.886,1.8559,0.00025013,0,0.72096,0.0033352,1.0521,1,1.72,1.72,0.2,0
0.95935,3.5975,1.886,1.8559,0.0002443,0,0.72096,0.0033353,1.0521,1,1.722,1.722,0.2,0
0.95936,3.5975,1.886,1.8559,0.00023848,0,0.72096,0.0033355,1.0521,1,1.724,1.724,0.2,0
0.95936,3.5975,1.886,1.8559,0.00023266,0,0.72096,0.0033356,1.0521,1,1.726,1.726,0.2,0
0.95937,3.5976,1.886,1.8559,0.00022684,0,0.72096,0.0033357,1.0521,1,1.728,1.728,0.2,0
0.95937,3.5976,1.886,1.8559,0.00022102,0,0.72096,0.0033359,1.0521,1,1.73,1.73,0.2,0
0.95937,3.5976,1.886,1.8559,0.0002152,0,0.72096,0.003336,1.0521,1,1.732,1.732,0.2,0
0.95938,3.5976,1.886,1.8559,0.00020938,0,0.72096,0.0033361,1.0521,1,1.734,1.734,0.2,0
0.95938,3.5976,1.886,1.8559,0.00020356,0,0.72096,0.0033363,1.0521,1,1.736,1.736,0.2,0
0.95938,3.5976,1.886,1.856,0.00019773,0,0.72096,0.0033364,1.0521,1,1.738,1.738,0.2,0
0.95939,3.5976,1.886,1.856,0.00019191,0,0.72096,0.0033365,1.0521,1,1.74,1.74,0.2,0
0.95939,3.5976,1.886,1.856,0.00018609,0,0.72096,0.0033367,1.0521,1,1.742,1.742,0.2,0
0.95939,3.5976,1.886,1.856,0.00018194,0,0.72096,0.0033378,1.0521,1,1.744,1.744,0.2,0
0.95939,3.5976,1.886,1.856,0.00017813,0,0.72096,0.0033391,1.0521,1,1.746,1.746,0.2,0
0.9594,3.5976,1.886,1.856,0.00017432,0,0.72097,0.0033404,1.0521,1,1.748,1.748,0.2,0
0.9594,3.5976,1.886,1.856,0.00017051,0,0.72097,0.0033417,1.0521,1,1.75,1.75,0.2,0
0.9594,3.5976,1.886,1.856,0.00016671,0,0.72097,0.003343,1.0521,1,1.752,1.752,0.2,0
0.9594,3.5976,1.886,1.856,0.0001629,0,0.72097,0.0033443,1.0521,1,1.754,1.754,0.2,0
0.9594,3.5976,1.886,1.856,0.00015909,0,0.72098,0.0033456,1.0521,1,1.756,1.756,0.2,0
0.9594,3.5976,1.886,1.856,0.00015528,0,0.72098,0.0033469,1.0521,1,1.758,1.758,0.2,0
0.95941,3.5976,1.886,1.856,0.00015148,0,0.72098,0.0033482,1.0521,1,1.76,1.76,0.2,0
0.95941,3.5976,1.886,1.856,0.00014767,0,0.72098,0.0033495,1.0521,1,1.762,1.762,0.2,0
0.95941,3.5976,1.886,1.856,0.00014386,0,0.72099,0.0033508,1.0521,1,1.764,1.764,0.2,0
0.95941,3.5977,1.886,1.856,0.00014005,0,0.72099,0.0033521,1.0521,1,1.766,1.766,0.2,0
0.95941,3.5977,1.886,1.856,0.00013624,0,0.72099,0.0033534,1.0521,1,1.768,1.768,0.2,0
0.95941,3.5977,1.886,1.856,0.00013244,0,0.721,0.0033547,1.0521,1,1.77,1.77,0.2,0
0.95941,3.5977,1.886,1.856,0.00012863,0,0.721,0.003356,1.0521,1,1.772,1.772,0.2,0
0.95942,3.5977,1.886,1.856,0.00012482,0,0.721,0.0033573,1.0521,1,1.774,1.774,0.2,0
0.95942,3.5977,1.886,1.856,0.00012101,0,0.721,0.0033586,1.0521,1,1.776,1.776,0.2,0
0.95942,3.5977,1.886,1.856,0.00011721,0,0.72101,0.0033599,1.0521,1,1.778,1.778,0.2,0
0.95942,3.5977,1.886,1.856,0.0001134,0,0.72101,0.0033612,1.0521,1,1.78,1.78,0.2,0
0.95942,3.5977,1.886,1.856,0.00010959,0,0.72101,0.0033625,1.0521,1,1.782,1.782,0.2,0
0.95942,3.5977,1.886,1.856,0.00010578,0,0.72101,0.0033638,1.0521,1,1.784,1.784,0.2,0
0.95943,3.5977,1.8859,1.856,0.00010197,0,0.72102,0.0033651,1.0521,1,1.786,1.786,0.2,0
0.95943,3.5977,1.8859,1.856,9.8167e-05,0,0.72102,0.0033665,1.0521,1,1.788,1.788,0.2,0
0.95943,3.5977,1.8859,1.856,9.4359e-05,0,0.72102,0.0033678,1.0521,1,1.79,1.79,0.2,0
0.95943,3.5977,1.8859,1.856,9.0551e-05,0,0.72102,0.0033691,1.0521,1,1.792,1.792,0.2,0
0.95943,3.5977,1.8859,1.856,8.6743e-05,0,0.72103,0.0033704,1.0521,1,1.794,1.794,0.2,0
0.95943,3.5977,1.8859,1.856,8.2936e-05,0,0.72103,0.0033717,1.0521,1,1.796,1.796,0.2,0
0.95943,3.5977,1.8859,1.856,7.9128e-05,0,0.72103,0.003373,1.0521,1,1.798,1.798,0.2,0
0.95944,3.5977,1.8859,1.856,7.532e-05,0,0.72103,0.0033743,1.0521,1,1.8,1.8,0.2,0
0.95944,3.5977,1.8859,1.856,7.1512e-05,0,0.72104,0.0033756,1.0521,1,1.802,1.802,0.2,0
0.95944,3.5977,1.8859,1.856,6.7705e-05,0,0.72104,0.0033769,1.0521,1,1.804,1.804,0.2,0
0.95944,3.5977,1.8859,1.856,6.3897e-05,0,0.72104,0.0033782,1.0521,1,1.806,1.806,0.2,0
0.95944,3.5978,1.8859,1.856,6.0089e-05,0,0.72104,0.0033795,1.0521,1,1.808,1.808,0.2,0
0.95944,3.5978,1.8859,1.856,5.6281e-05,0,0.72105,0.0033808,1.0521,1,1.81,1.81,0.2,0
0.95945,3.5978,1.8859,1.856,5.2473e-05,0,0.72105,0.0033821,1.0521,1,1.812,1.812,0.2,0
0.95945,3.5978,1.8859,1.856,4.8689e-05,0,0.72105,0.0033834,1.0521,1,1.814,1.814,0.2,0
0.95945,3.5978,1.8859,1.856,4.5096e-05,0,0.72106,0.0033849,1.0521,1,1.816,1.816,0.2,0
0.95946,3.5978,1.8859,1.856,4.1503e-05,0,0.72106,0.0033864,1.0521,1,1.818,1.818,0.2,0
0.95946,3.5978,1.8859,1.856,3.791e-05,0,0.72106,0.0033878,1.0521,1,1.82,1.82,0.2,0
0.95947,3.5978,1.8859,1.856,3.4317e-05,0,0.72106,0.0033893,1.0521,1,1.822,1.822,0.2,0
0.95947,3.5978,1.8859,1.856,3.0725e-05,0,0.72107,0.0033908,1.0521,1,1.824,1.824,0.2,0
0.95948,3.5978,1.8859,1.856,2.7132e-05,0,0.72107,0.0033923,1.0521,1,1.826,1.826,0.2,0
0.95948,3.5979,1.8859,1.856,2.3539e-05,0,0.72107,0.0033937,1.0521,1,1.828,1.828,0.2,0
0.95949,3.5979,1.8859,1.856,1.9946e-05,0,0.72108,0.0033952,1.0521,1,1.83,1.83,0.2,0
0.95949,3.5979,1.8859,1.8561,1.6353e-05,0,0.72108,0.0033967,1.0521,1,1.832,1.832,0.2,0
0.9595,3.5979,1.8859,1.8561,1.2761e-05,0,0.72108,0.0033981,1.0521,1,1.834,1.834,0.2,0
0.9595,3.5979,1.8859,1.8561,9.36e-06,0,0.72109,0.0033997,1.0521,1,1.836,1.836,0.2,0
0.9595,3.5979,1.8859,1.8561,6.6735e-06,0,0.72109,0.0034016,1.0521,1,1.838,1.838,0.2,0
0.95951,3.5979,1.8859,1.8561,3.9872e-06,0,0.72109,0.0034035,1.0521,1,1.84,1.84,0.2,0
0.95951,3.5979,1.8859,1.8561,1.3009e-06,0,0.7211,0.0034053,1.0521,1,1.842,1.842,0.2,0
0.95951,3.5979,1.8859,1.8561,-1.3855e-06,0,0.7211,0.0034072,1.0521,1,1.844,1.844,0.2,0
0.95951,3.598,1.8859,1.8561,-4.0718e-06,0,0.7211,0.0034091,1.0521,1,1.846,1.846,0.2,0
0.95952,3.598,1.8858,1.8561,-6.7583e-06,0,0.72111,0.003411,1.0521,1,1.848,1.848,0.2,0
0.95952,3.598,1.8858,1.8561,-9.4446e-06,0,0.72111,0.0034128,1.0521,1,1.85,1.85,0.2,0
0.95952,3.598,1.8858,1.8561,-1.2131e-05,0,0.72112,0.0034147,1.0521,1,1.852,1.852,0.2,0
0.95953,3.598,1.8858,1.8561,-1.4817e-05,0,0.72112,0.0034166,1.0522,1,1.854,1.854,0.2,0
0.95953,3.598,1.8858,1.8561,-1.7504e-05,0,0.72112,0.0034185,1.0522,1,1.856,1.856,0.2,0
0.95953,3.598,1.8858,1.8561,-2.019e-05,0,0.72113,0.0034203,1.0522,1,1.858,1.858,0.2,0
0.95953,3.598,1.8858,1.8561,-2.2876e-05,0,0.72113,0.0034222,1.0522,1,1.86,1.86,0.2,0
0.95954,3.598,1.8858,1.8561,-2.5563e-05,0,0.72113,0.0034241,1.0522,1,1.862,1.862,0.2,0
0.95954,3.598,1.8858,1.8561,-2.8249e-05,0,0.72114,0.003426,1.0522,1,1.864,1.864,0.2,0
0.95954,3.5981,1.8858,1.8561,-3.0935e-05,0,0.72114,0.0034279,1.0522,1,1.866,1.866,0.2,0
0.95954,3.5981,1.8858,1.8561,-3.3622e-05,0,0.72115,0.0034297,1.0522,1,1.868,1.868,0.2,0
0.95955,3.5981,1.8858,1.8561,-3.6308e-05,0,0.72115,0.0034316,1.0522,1,1.87,1.87,0.2,0
0.95955,3.5981,1.8858,1.8561,-3.8994e-05,0,0.72115,0.0034335,1.0522,1,1.872,1.872,0.2,0
0.95955,3.5981,1.8858,1.8561,-4.1681e-05,0,0.72116,0.0034354,1.0522,1,1.874,1.874,0.2,0
0.95955,3.5981,1.8858,1.8561,-4.4367e-05,0,0.72116,0.0034372,1.0522,1,1.876,1.876,0.2,0
0.95956,3.5981,1.8858,1.8561,-4.7054e-05,0,0.72116,0.0034391,1.0522,1,1.878,1.878,0.2,0
0.95956,3.5981,1.8858,1.8561,-4.974e-05,0,0.72117,0.003441,1.0522,1,1.88,1.88,0.2,0
0.95956,3.5981,1.8858,1.8561,-5.2426e-05,0,0.72117,0.0034429,1.0522,1,1.882,1.882,0.2,0
0.95957,3.5981,1.8858,1.8561,-5.5113e-05,0,0.72118,0.0034447,1.0522,1,1.884,1.884,0.2,0
0.95957,3.5981,1.8858,1.8561,-5.7799e-05,0,0.72118,0.0034466,1.0522,1,1.886,1.886,0.2,0
0.95957,3.5982,1.8858,1.8561,-6.0485e-05,0,0.72118,0.0034485,1.0522,1,1.888,1.888,0.2,0
0.95957,3.5982,1.8857,1.8561,-6.3172e-05,0,0.72119,0.0034504,1.0522,1,1.89,1.89,0.2,0
0.95958,3.5982,1.8857,1.8561,-6.5858e-05,0,0.72119,0.0034522,1.0522,1,1.892,1.892,0.2,0
0.95958,3.5982,1.8857,1.8561,-6.8544e-05,0,0.72119,0.0034541,1.0522,1,1.894,1.894,0.2,0
0.95958,3.5982,1.8857,1.8561,-7.1231e-05,0,0.7212,0.003456,1.0522,1,1.896,1.896,0.2,0
0.95959,3.5982,1.8857,1.8562,-7.3952e-05,0,0.7212,0.0034579,1.0522,1,1.898,1.898,0.2,0
0.95959,3.5982,1.8857,1.8562,-7.6709e-05,0,0.72121,0.0034597,1.0522,1,1.9,1.9,0.2,0
0.9596,3.5982,1.8857,1.8562,-7.9465e-05,0,0.72121,0.0034616,1.0522,1,1.902,1.902,0.2,0
0.9596,3.5983,1.8857,1.8562,-8.2222e-05,0,0.72121,0.0034634,1.0522,1,1.904,1.904,0.2,0
0.95961,3.5983,1.8857,1.8562,-8.4978e-05,0,0.72122,0.0034653,1.0522,1,1.906,1.906,0.2,0
0.95961,3.5983,1.8857,1.8562,-8.7735e-05,0,0.72122,0.0034672,1.0522,1,1.908,1.908,0.2,0
0.95962,3.5983,1.8857,1.8562,-9.0491e-05,0,0.72122,0.003469,1.0522,1,1.91,1.91,0.2,0
0.95962,3.5983,1.8857,1.8562,-9.3247e-05,0,0.72123,0.0034709,1.0522,1,1.912,1.912,0.2,0
0.95963,3.5983,1.8857,1.8562,-9.6004e-05,0,0.72123,0.0034727,1.0522,1,1.914,1.914,0.2,0
0.95963,3.5984,1.8857,1.8562,-9.8761e-05,0,0.72123,0.0034746,1.0522,1,1.916,1.916,0.2,0
0.95964,3.5984,1.8857,1.8562,-0.00010152,0,0.72124,0.0034765,1.0522,1,1.918,1.918,0.2,0
0.95964,3.5984,1.8857,1.8563,-0.00010427,0,0.72124,0.0034783,1.0522,1,1.92,1.92,0.2,0
0.95964,3.5984,1.8857,1.8563,-0.00010703,0,0.72125,0.0034802,1.0522,1,1.922,1.922,0.2,0
0.95965,3.5984,1.8857,1.8563,-0.00010979,0,0.72125,0.003482,1.0522,1,1.924,1.924,0.2,0
0.95965,3.5984,1.8857,1.8563,-0.00011254,0,0.72125,0.0034839,1.0522,1,1.926,1.926,0.2,0
0.95966,3.5985,1.8857,1.8563,-0.0001153,0,0.72126,0.0034858,1.0522,1,1.928,1.928,0.2,0
0.95966,3.5985,1.8857,1.8563,-0.00011806,0,0.72126,0.0034876,1.0522,1,1.93,1.93,0.2,0
0.95967,3.5985,1.8857,1.8563,-0.00012081,0,0.72126,0.0034895,1.0522,1,1.932,1.932,0.2,0
0.95967,3.5985,1.8857,1.8563,-0.00012357,0,0.72127,0.0034913,1.0522,1,1.934,1.934,0.2,0
0.95968,3.5985,1.8857,1.8563,-0.00012633,0,0.72127,0.0034932,1.0522,1,1.936,1.936,0.2,0
0.95968,3.5986,1.8857,1.8563,-0.00012908,0,0.72128,0.0034951,1.0522,1,1.938,1.938,0.2,0
0.95969,3.5986,1.8857,1.8563,-0.00013184,0,0.72128,0.0034969,1.0522,1,1.94,1.94,0.2,0
0.95969,3.5986,1.8857,1.8563,-0.00013459,0,0.72128,0.0034988,1.0522,1,1.942,1.942,0.2,0
0.9597,3.5986,1.8857,1.8564,-0.00013735,0,0.72129,0.0035006,1.0522,1,1.944,1.944,0.2,0
0.9597,3.5986,1.8857,1.8564,-0.00014011,0,0.72129,0.0035025,1.0522,1,1.946,1.946,0.2,0
0.95971,3.5986,1.8857,1.8564,-0.00014286,0,0.72129,0.0035044,1.0522,1,1.948,1.948,0.2,0
0.95971,3.5987,1.8857,1.8564,-0.00014562,0,0.7213,0.0035062,1.0522,1,1.95,1.95,0.2,0
0.95972,3.5987,1.8857,1.8564,-0.00014838,0,0.7213,0.0035081,1.0522,1,1.952,1.952,0.2,0
0.95972,3.5987,1.8857,1.8564,-0.00015113,0,0.72131,0.0035099,1.0522,1,1.954,1.954,0.2,0
0.95973,3.5987,1.8857,1.8564,-0.00015389,0,0.72131,0.0035118,1.0522,1,1.956,1.956,0.2,0
0.95973,3.5987,1.8857,1.8564,-0.00015665,0,0.72131,0.0035137,1.0522,1,1.958,1.958,0.2,0
0.95974,3.5987,1.8857,1.8564,-0.0001593,0,0.72132,0.0035155,1.0522,1,1.96,1.96,0.2,0
0.95974,3.5987,1.8857,1.8564,-0.00016184,0,0.72132,0.0035174,1.0522,1,1.962,1.962,0.2,0
0.95974,3.5988,1.8857,1.8564,-0.00016438,0,0.72132,0.0035193,1.0522,1,1.964,1.964,0.2,0
0.95975,3.5988,1.8857,1.8564,-0.00016692,0,0.72133,0.0035212,1.0522,1,1.966,1.966,0.2,0
0.95975,3.5988,1.8857,1.8564,-0.00016946,0,0.72133,0.0035231,1.0522,1,1.968,1.968,0.2,0
0.95975,3.5988,1.8857,1.8564,-0.000172,0,0.72134,0.003525,1.0522,1,1.97,1.97,0.2,0
0.95976,3.5988,1.8857,1.8564,-0.00017454,0,0.72134,0.0035268,1.0522,1,1.972,1.972,0.2,0
0.95976,3.5988,1.8857,1.8564,-0.00017708,0,0.72134,0.0035287,1.0522,1,1.974,1.974,0.2,0
0.95976,3.5988,1.8857,1.8565,-0.00017962,0,0.72135,0.0035306,1.0522,1,1.976,1.976,0.2,0
0.95977,3.5988,1.8857,1.8565,-0.00018216,0,0.72135,0.0035325,1.0522,1,1.978,1.978,0.2,0
0.95977,3.5988,1.8857,1.8565,-0.0001847,0,0.72135,0.0035344,1.0522,1,1.98,1.98,0.2,0
0.95977,3.5988,1.8857,1.8565,-0.00018723,0,0.72136,0.0035363,1.0522,1,1.982,1.982,0.2,0
0.95977,3.5989,1.8857,1.8565,-0.00018977,0,0.72136,0.0035381,1.0522,1,1.984,1.984,0.2,0
0.95978,3.5989,1.8856,1.8565,-0.00019231,0,0.72137,0.00354,1.0522,1,1.986,1.986,0.2,0
0.95978,3.5989,1.8856,1.8565,-0.00019485,0,0.72137,0.0035419,1.0522,1,1.988,1.988,0.2,0
0.95978,3.5989,1.8856,1.8565,-0.00019739,0,0.72137,0.0035438,1.0522,1,1.99,1.99,0.2,0
0.95979,3.5989,1.8856,1.8565,-0.00019993,0,0.72138,0.0035457,1.0522,1,1.992,1.992,0.2,0
0.95979,3.5989,1.8856,1.8565,-0.00020247,0,0.72138,0.0035476,1.0522,1,1.994,1.994,0.2,0
0.95979,3.5989,1.8856,1.8565,-0.00020501,0,0.72138,0.0035494,1.0522,1,1.996,1.996,0.2,0
0.9598,3.5989,1.8856,1.8565,-0.00020755,0,0.72139,0.0035513,1.0522,1,1.998,1.998,0.2,0
0.9598,3.5989,1.8856,1.8565,-0.00021009,0,0.72139,0.0035532,1.0523,1,2,2,0.2,0
